produto,data,volume_kg,receita_rs,custo_rs,preco_kg,custo_kg,margem_rs_ex_post,margem_unitaria_ex_post,ln_volume,ln_preco,numero_dia_semana,dia_semana,fim_semana,mes,mes_nome,quinzena,semana_mes,indice_tempo,inicio_semana
Produto_A,2025-08-01,5.625635081692173,7133.019651940001,5534.45057088,1267.9492267732394,983.7912503232,1598.5690810600008,284.1579764500394,1.7273338451293152,7.14515609221853,4,Sexta,False,8,Agosto,1ª quinzena,1,0,2025-07-28
Produto_A,2025-08-04,31.39046066605553,40158.93920492,30916.6687697274,1279.335771212379,984.906500692407,9242.270435192604,294.4292705199721,3.446504046313413,7.154096293483216,0,Segunda,False,8,Agosto,1ª quinzena,1,1,2025-08-04
Produto_A,2025-08-05,22.18488789286329,27917.6622744,21866.7015976464,1258.4089858475643,985.6575207071814,6050.9606767536025,272.75146514038283,3.0994113315327,7.137603492411171,1,Terça,False,8,Agosto,1ª quinzena,1,2,2025-08-04
Produto_A,2025-08-06,11.03079401508689,13690.69127634,10860.5565969318,1241.133798493123,984.5670748703806,2830.1346794082,256.56672362274253,2.4006908175363932,7.1237805944559325,2,Quarta,False,8,Agosto,1ª quinzena,1,3,2025-08-04
Produto_A,2025-08-07,15.16080486275928,18998.29252188,14966.4058051068,1253.1189929465456,987.1775239235486,4031.8867167732005,265.941469022997,2.7187134700159716,7.133390916824827,3,Quinta,False,8,Agosto,1ª quinzena,1,4,2025-08-04
Produto_A,2025-08-08,7.975570312647418,10004.88210722,7873.9381523484,1254.4409634699805,987.2570667281495,2130.943954871601,267.18389674183095,2.076383158671677,7.134445304890425,4,Sexta,False,8,Agosto,1ª quinzena,2,5,2025-08-04
Produto_A,2025-08-09,2.458941161760963,3107.1804,2429.258436,1263.6253556286001,987.9286555438741,677.9219640000001,275.696700084726,0.8997308352377236,7.141740134909418,5,Sábado,True,8,Agosto,1ª quinzena,2,6,2025-08-04
Produto_A,2025-08-11,28.44470260950854,35885.35911749,27755.2825394526,1261.583206199322,975.7627956417629,8130.076578037399,285.82041055755906,3.34796194321769,7.140122724050498,0,Segunda,False,8,Agosto,1ª quinzena,2,7,2025-08-11
Produto_A,2025-08-12,13.99147410261878,17873.18069139,13593.9744686988,1277.433711437502,971.5898674432325,4279.2062226912,305.8438439942696,2.6384481514338147,7.152608431445851,1,Terça,False,8,Agosto,1ª quinzena,2,8,2025-08-11
Produto_A,2025-08-13,16.27925959571052,20534.282704,15868.27397232,1261.3769430527818,974.7540346675955,4666.008731680002,286.6229083851863,2.7898918801612154,7.13995921520787,2,Quarta,False,8,Agosto,1ª quinzena,2,9,2025-08-11
Produto_A,2025-08-14,35.39628963953472,44155.00331162001,34247.81546204039,1247.4472257200237,967.553825861692,9907.187849579619,279.8933998583317,3.566607002203999,7.128854522698788,3,Quinta,False,8,Agosto,1ª quinzena,2,10,2025-08-11
Produto_A,2025-08-15,3.789949976049379,4713.99483236,3676.5250498152,1243.8145258249133,970.0721838148343,1037.4697825448002,273.742342010079,1.332352820075666,7.125938167187311,4,Sexta,False,8,Agosto,1ª quinzena,3,11,2025-08-11
Produto_A,2025-08-18,36.93332565003312,47363.41371842,35100.02910696479,1282.4031652935519,950.3619966303606,12263.384611455214,332.04116866319123,3.609114277613458,7.156491069549902,0,Segunda,False,8,Agosto,2ª quinzena,3,12,2025-08-18
Produto_A,2025-08-19,23.20826445848048,29693.7929457,22027.4104644,1279.449094473312,949.1192460257844,7666.382481299999,330.32984844752764,3.1445084418972535,7.1541848693244505,1,Terça,False,8,Agosto,2ª quinzena,3,13,2025-08-18
Produto_A,2025-08-20,28.47624387543239,35791.59992008,27600.627609324,1256.893292410621,969.2509914601546,8190.9723107559985,287.6423009504663,3.349070191449665,7.136398314303155,2,Quarta,False,8,Agosto,2ª quinzena,3,14,2025-08-18
Produto_A,2025-08-21,29.15701509987631,36806.8783134199,28213.2406865132,1262.3678448338849,967.6313089618315,8593.637626906697,294.7365358720534,3.3726955390709947,7.140744478311158,3,Quinta,False,8,Agosto,2ª quinzena,3,15,2025-08-18
Produto_A,2025-08-22,14.1133199827083,17815.15204875,13690.54356219,1262.293497956342,970.044155376886,4124.608486559999,292.24934257945597,2.647119031079846,7.140685581795967,4,Sexta,False,8,Agosto,2ª quinzena,4,16,2025-08-18
Produto_A,2025-08-25,25.09924099435518,32308.0729021,24270.03076014,1287.2131435913175,966.9627366659546,8038.042141959999,320.2504069253629,3.2228376064118045,7.1602348066199175,0,Segunda,False,8,Agosto,2ª quinzena,4,17,2025-08-25
Produto_A,2025-08-26,16.43583267418564,20964.72996177,15943.4822191194,1275.5502186814979,970.0440820476632,5021.247742650601,305.50613663383467,2.7994638705231045,7.151132908568087,1,Terça,False,8,Agosto,2ª quinzena,4,18,2025-08-25
Produto_A,2025-08-27,22.62057484805748,28655.7025635,21950.101536066,1266.7981585782193,970.3600232754891,6705.601027434001,296.4381353027302,3.1188598836302033,7.144247861062402,2,Quarta,False,8,Agosto,2ª quinzena,4,19,2025-08-25
Produto_A,2025-08-28,44.61417850063283,55320.4351811,43395.3391507416,1239.974309519457,972.6804484391897,11925.0960303584,267.2938610802672,3.798051712107008,7.122845940254989,3,Quinta,False,8,Agosto,2ª quinzena,4,20,2025-08-25
Produto_A,2025-08-29,15.45849978182243,19061.14918549,15070.0163207121,1233.05297761843,974.8692650261479,3991.132864777901,258.1837125922822,2.738158999758766,7.117248468679619,4,Sexta,False,8,Agosto,2ª quinzena,5,21,2025-08-25
Produto_A,2025-08-30,3.683726390623438,4769.64443559,3569.2162971399,1294.7879212013843,968.9146040338359,1200.4281384501005,325.8733171675484,1.3039248459887443,7.166102193310233,5,Sábado,True,8,Agosto,2ª quinzena,5,22,2025-08-25
Produto_A,2025-09-01,49.1776204922597,60921.80515538,47907.0906880104,1238.8115680580515,974.164471734673,13014.714467369602,264.6470963233785,3.8954386519709097,7.121907786171408,0,Segunda,False,9,Setembro,1ª quinzena,1,23,2025-09-01
Produto_A,2025-09-02,22.01119310016833,28345.34175428,21451.7758041873,1287.7694373624495,974.5848717316121,6893.565950092703,313.18456563083737,3.091551101255417,7.160666882381441,1,Terça,False,9,Setembro,1ª quinzena,1,24,2025-09-01
Produto_A,2025-09-03,32.89363010757494,43187.66307734,31890.2677101459,1312.9491313697995,969.4967568447855,11297.395367194102,343.45237452501397,3.4932790252742425,7.180031131259682,2,Quarta,False,9,Setembro,1ª quinzena,1,25,2025-09-01
Produto_A,2025-09-04,16.92409018776101,22219.391441,16284.7343886975,1312.8854310330012,962.2221465396188,5934.6570523025,350.6632844933823,2.828738061829737,7.1799826130950395,3,Quinta,False,9,Setembro,1ª quinzena,1,26,2025-09-01
Produto_A,2025-09-05,3.386453767977198,4446.969149279999,3321.5453398512,1313.1639921770643,980.8329206381667,1125.4238094287994,332.3310715388976,1.2197832877199553,7.180194765343695,4,Sexta,False,9,Setembro,1ª quinzena,1,27,2025-09-01
Produto_A,2025-09-07,0.5880076691167521,763.642,565.8465779999999,1298.693945858,962.3115610889218,197.79542200000014,336.38238476907816,-0.5310152884530008,7.169114381411177,6,Domingo,True,9,Setembro,1ª quinzena,1,28,2025-09-01
Produto_A,2025-09-08,36.66674168219051,47480.5790571,36116.621976897,1294.9222341226437,984.9967660049621,11363.957080203007,309.9254681176816,3.6018701230001366,7.166205921459967,0,Segunda,False,9,Setembro,1ª quinzena,2,29,2025-09-08
Produto_A,2025-09-09,21.65962331480343,28034.83780699,21311.881207551,1294.3363510772315,983.9451452041291,6722.956599439,310.3912058731024,3.0754498505999894,7.165753372565268,1,Terça,False,9,Setembro,1ª quinzena,2,30,2025-09-08
Produto_A,2025-09-10,19.14181723983961,24821.16789368,18967.1941840392,1296.6986144878676,990.877404500709,5853.973709640803,305.8212099871587,2.951875326128074,7.167576786063381,2,Quarta,False,9,Setembro,1ª quinzena,2,31,2025-09-08
Produto_A,2025-09-11,28.67668232602363,37143.51231732,28563.5657880045,1295.2513786301163,996.0554524148534,8579.946529315497,299.19592621526283,3.3560843300311483,7.166460070068094,3,Quinta,False,9,Setembro,1ª quinzena,2,32,2025-09-08
Produto_A,2025-09-12,5.982237678152265,7779.84818907,5920.6254773886,1300.4913224164916,989.7008102856431,1859.2227116814001,310.79051213084847,1.788794691640496,7.170497412368553,4,Sexta,False,9,Setembro,1ª quinzena,2,33,2025-09-08
Produto_A,2025-09-15,26.0358597011563,33658.0868517499,25821.261612135,1292.758804129486,991.7575954285938,7836.825239614896,301.0012087008921,3.259474807047454,7.164533821641449,0,Segunda,False,9,Setembro,1ª quinzena,3,34,2025-09-15
Produto_A,2025-09-16,23.16611767241547,29956.65384747,22952.0527727931,1293.123615751128,990.7595695295435,7004.601074676899,302.36404622158454,3.1426907660282675,7.164815978031282,1,Terça,False,9,Setembro,2ª quinzena,3,35,2025-09-15
Produto_A,2025-09-17,16.94614582087715,21965.40286344,16699.4585160084,1296.1887083716272,985.4428666272399,5265.944347431599,310.74584174438723,2.8300404227715372,7.1671834746237995,2,Quarta,False,9,Setembro,2ª quinzena,3,36,2025-09-15
Produto_A,2025-09-18,18.04114706611702,23631.2189990099,17765.2551936717,1309.8512479503902,984.7076313144483,5865.9638053382005,325.14361663594184,2.89265509720935,7.177668858564865,3,Quinta,False,9,Setembro,2ª quinzena,3,37,2025-09-15
Produto_A,2025-09-19,7.671407309223985,9912.95915879,7632.025312229999,1292.1956505778028,994.8663921225204,2280.9338465600003,297.32925845528234,2.0375000808461285,7.164098105213589,4,Sexta,False,9,Setembro,2ª quinzena,3,38,2025-09-15
Produto_A,2025-09-22,20.12708823573591,26448.07420129,19397.2446344457,1314.0536719231495,963.7382420774424,7050.8295668443025,350.3154298457072,3.0020665811879725,7.180872044422815,0,Segunda,False,9,Setembro,2ª quinzena,4,39,2025-09-22
Produto_A,2025-09-23,15.93821782038493,20729.6697076,15521.7629619161,1300.6265782794621,973.8706759336552,5207.906745683898,326.75590234580693,2.7687198616148145,7.170601410624885,1,Terça,False,9,Setembro,2ª quinzena,4,40,2025-09-22
Produto_A,2025-09-24,15.36805083850161,19917.48641556,15030.530965494,1296.0320488829125,978.0375613957483,4886.9554500660015,317.9944874871642,2.73229073353611,7.167062605682783,2,Quarta,False,9,Setembro,2ª quinzena,4,41,2025-09-22
Produto_A,2025-09-25,12.79168989074229,16686.18604272,12523.2438653982,1304.455172478522,979.0140296053947,4162.9421773218,325.4411428731272,2.5487957328005186,7.173540740228974,3,Quinta,False,9,Setembro,2ª quinzena,4,42,2025-09-22
Produto_A,2025-09-26,2.449797642506198,3205.74318163,2394.53824203,1308.5746863363183,977.4432795928133,811.2049395999998,331.13140674350507,0.89600542625006,7.176693798168086,4,Sexta,False,9,Setembro,2ª quinzena,4,43,2025-09-22
Produto_A,2025-09-27,2.004571599261655,2574.485,1966.637475,1284.3068319177335,981.076193898174,607.8475250000001,303.2306380195595,0.6954303717249938,7.1579744213701755,5,Sábado,True,9,Setembro,2ª quinzena,4,44,2025-09-22
Produto_A,2025-09-28,1.336381066174436,1698.46999999999,1316.70495,1270.947368973193,985.2765676853224,381.76504999998997,285.67080128787063,0.28996526361682895,7.147517861184308,6,Domingo,True,9,Setembro,2ª quinzena,4,45,2025-09-22
Produto_A,2025-09-29,22.37551997919094,29080.62675733,21912.7808278566,1299.662612729213,979.3194012132597,7167.845929473398,320.34321151595327,3.107967503184341,7.1698599810963985,0,Segunda,False,9,Setembro,2ª quinzena,5,46,2025-09-29
Produto_A,2025-09-30,7.396131518926977,9540.106266820001,7250.421563292601,1289.877856066582,980.2991664951469,2289.6847035274004,309.578689571435,2.0009570958068723,7.162302807653085,1,Terça,False,9,Setembro,2ª quinzena,5,47,2025-09-29
Produto_A,2025-10-01,13.60840848828627,17204.7303304,13264.2108525366,1264.272037777918,974.7069882531858,3940.5194778634013,289.5650495247322,2.610687872888633,7.142251771311363,2,Quarta,False,10,Outubro,1ª quinzena,1,48,2025-09-29
Produto_A,2025-10-02,27.35716906166645,34040.84205454,26645.292123219,1244.31157250985,973.9784135981763,7395.549931321002,270.33315891167376,3.308978617432632,7.126337702156122,3,Quinta,False,10,Outubro,1ª quinzena,1,49,2025-09-29
Produto_A,2025-10-03,5.873095436477825,7200.46028419999,5710.64742697679,1226.007709576435,972.3403082313171,1489.8128572232008,253.66740134511792,1.7703818264471438,7.111518404874782,4,Sexta,False,10,Outubro,1ª quinzena,1,50,2025-09-29
Produto_A,2025-10-05,2.084754463232121,2597.3922,2054.059722,1245.8983759522,985.276567685322,543.3324779999998,260.621808266878,0.734651084878275,7.127612135790203,6,Domingo,True,10,Outubro,1ª quinzena,1,51,2025-09-29
Produto_A,2025-10-06,34.47653071626443,43260.2445529,33909.502396869,1254.773715746632,983.5532082951743,9350.742156031003,271.2205074514577,3.5402788234555205,7.134710529130789,0,Segunda,False,10,Outubro,1ª quinzena,1,52,2025-10-06
Produto_A,2025-10-07,58.38654490916591,72294.10132258,57497.93050349699,1238.1979689849875,984.7804933987552,14796.17081908301,253.41747558623229,4.0670854678980914,7.121412350787378,1,Terça,False,10,Outubro,1ª quinzena,1,53,2025-10-06
Produto_A,2025-10-08,55.22333359829316,66786.18074746,54389.62028334779,1209.3833601802742,984.902879623132,12396.560464112219,224.4804805571422,4.011385574080305,7.097865889004816,2,Quarta,False,10,Outubro,1ª quinzena,2,54,2025-10-06
Produto_A,2025-10-09,67.68334974498374,82157.95945643,66657.73221742139,1213.857762152486,984.8468267095725,15500.227239008615,229.01093544291348,4.21484020794115,7.101558800136094,3,Quinta,False,10,Outubro,1ª quinzena,2,55,2025-10-06
Produto_A,2025-10-10,17.93610484155355,21673.422122,17581.07868363,1208.368389539517,980.2060614018578,4092.3434383700005,228.1623281376592,2.886815711626812,7.097026290232528,4,Sexta,False,10,Outubro,1ª quinzena,2,56,2025-10-06
Produto_A,2025-10-11,0.5880076691167521,699.061,575.170596,1188.863745689,978.1685277404041,123.89040399999999,210.695217948596,-0.5310152884530008,7.080753294404258,5,Sábado,True,10,Outubro,1ª quinzena,2,57,2025-10-06
Produto_A,2025-10-13,69.35364165711466,84643.9742194099,68307.2618372694,1220.4690654586077,984.9124026533663,16336.712382140497,235.55666280524144,4.23921865665996,7.106990543717956,0,Segunda,False,10,Outubro,1ª quinzena,2,58,2025-10-13
Produto_A,2025-10-14,50.50365796898195,61100.916958,49755.58102746,1209.8315135019848,985.1876681490795,11345.33593054,224.64384535290526,3.9220457686873695,7.098236383855614,1,Terça,False,10,Outubro,1ª quinzena,2,59,2025-10-13
Produto_A,2025-10-15,100.0,120163.16634282,98592.1023042054,1201.6316634282,985.921023042054,21571.064038614597,215.710640386146,4.605170185988092,7.091435631718113,2,Quarta,False,10,Outubro,1ª quinzena,3,60,2025-10-13
Produto_A,2025-10-16,65.26434499500434,78890.14730884,64274.2060809024,1208.7786572420002,984.8287925945211,14615.941227937597,223.9498646474791,4.178445868706799,7.097365754649449,3,Quinta,False,10,Outubro,2ª quinzena,3,61,2025-10-13
Produto_A,2025-10-17,7.799523489275995,9717.66308668,7680.528460340999,1245.9303571610965,984.7432950104441,2037.1346263390014,261.1870621506524,2.0540626407109452,7.1276378046561835,4,Sexta,False,10,Outubro,2ª quinzena,3,62,2025-10-13
Produto_A,2025-10-18,2.549109465057885,3187.1767302,2511.5683824,1250.30987248232,985.2728636519997,675.6083478,265.03700883032036,0.9357440687864859,7.131146697560574,5,Sábado,True,10,Outubro,2ª quinzena,3,63,2025-10-13
Produto_A,2025-10-19,0.5880076691167521,725.346599999999,575.170596,1233.5665640033983,978.1685277404041,150.1760039999989,255.3980362629942,-0.5310152884530008,7.117664898034631,6,Domingo,True,10,Outubro,2ª quinzena,3,64,2025-10-13
Produto_A,2025-10-20,31.31326327738663,38804.02356561,32263.4105374086,1239.220046210672,1030.3432846204864,6540.613028201398,208.87676159018565,3.4440417546721145,7.122237465707349,0,Segunda,False,10,Outubro,2ª quinzena,3,65,2025-10-20
Produto_A,2025-10-21,26.53177467824086,33686.3116585,25957.83561624,1269.6591941935453,978.3678600862099,7728.476042260001,291.2913341073354,3.278343059174394,7.146503792411353,1,Terça,False,10,Outubro,2ª quinzena,3,66,2025-10-20
Produto_A,2025-10-22,16.16584628014855,21483.01884035,16049.295574488,1328.91396268755,992.7903121407462,5433.723265862,336.1236505468039,2.782900762429907,7.19211731823354,2,Quarta,False,10,Outubro,2ª quinzena,4,67,2025-10-20
Produto_A,2025-10-23,2.82428101763173,3797.61648385,2791.267470486,1344.6312389389814,988.310813640842,1006.3490133639998,356.3204252981394,1.0382538251729772,7.203875082651403,3,Quinta,False,10,Outubro,2ª quinzena,4,68,2025-10-20
Produto_A,2025-10-24,1.844205871320722,2518.24699999999,1820.905515,1365.4912605806614,987.3656424789302,697.3414849999899,378.1256181017312,0.6120487627859423,7.2192695407326495,4,Sexta,False,10,Outubro,2ª quinzena,4,69,2025-10-20
Produto_A,2025-10-26,0.6147352904402408,832.4666000000001,617.1785729999999,1354.1870996276002,1003.9745278947779,215.28802700000017,350.2125717328223,-0.48656352588216706,7.210956626811813,6,Domingo,True,10,Outubro,2ª quinzena,4,70,2025-10-20
Produto_A,2025-10-27,12.19328250416855,16490.47758745,12062.1460690764,1352.4231544551155,989.2451901243722,4428.331518373601,363.1779643307433,2.500885185683014,7.209653191698049,0,Segunda,False,10,Outubro,2ª quinzena,4,71,2025-10-27
Produto_A,2025-10-28,16.47655487803411,21926.451819,16631.9168946183,1330.7667762653148,1009.4292780095257,5294.5349243817,321.3374982557891,2.8019384539646297,7.193510578597724,1,Terça,False,10,Outubro,2ª quinzena,4,72,2025-10-27
Produto_A,2025-10-29,19.46302177461891,26134.9556072399,19608.3221138244,1342.8005121651584,1007.4654563349959,6526.633493415498,335.33505583016245,2.96851634602973,7.202512646521623,2,Quarta,False,10,Outubro,2ª quinzena,5,73,2025-10-27
Produto_A,2025-10-30,8.468614743201815,11357.92980136,8535.811692592799,1341.1791828737496,1007.9348218603197,2822.118108767201,333.24436101342985,2.1363669466699897,7.201304493202418,3,Quinta,False,10,Outubro,2ª quinzena,5,74,2025-10-27
Produto_A,2025-10-31,8.14696118438429,10745.18674111,8232.07116996,1318.919594425694,1010.4468382320078,2513.1155711499996,308.4727561936861,2.0976449969111517,7.184568191363905,4,Sexta,False,10,Outubro,2ª quinzena,5,75,2025-10-27
