data,dia_semana,semana,preco_kg,volume_previsto_kg,custo_kg,aliquota_imposto,margem_prevista_rs,variacao_preco_rs,alternativa
2025-11-03,Segunda,semana_1,1211.8886675537135,50.328345785965936,988.8425607921679,0.07,6956.0769532769655,-107.03092687198045,sem_ligacao_inicial
2025-11-04,Terça,semana_1,1211.8881288719267,50.32862239536617,988.8425607921679,0.07,6956.089971206567,-0.0005386817867929494,sem_ligacao_inicial
2025-11-05,Quarta,semana_1,1211.8879726331602,50.328702623208464,988.8425607921679,0.07,6956.093746905548,-0.0001562387665217102,sem_ligacao_inicial
2025-11-06,Quinta,semana_1,1211.888560797384,50.32840060447743,988.8425607921679,0.07,6956.07953318318,0.0005881642237000051,sem_ligacao_inicial
2025-11-07,Sexta,semana_1,1211.8865425094693,13.18592859087437,988.8425607921679,0.07,1822.4525568646184,-0.0020182879145522747,sem_ligacao_inicial
2025-11-10,Segunda,semana_2,1211.889172236753,50.3280866361793,988.8425607921679,0.07,6956.064756924771,0.0026297272836472985,sem_ligacao_inicial
2025-11-11,Terça,semana_2,1211.8879319179753,50.32872353027918,988.8425607921679,0.07,6956.094730836558,-0.0012403187777181301,sem_ligacao_inicial
2025-11-12,Quarta,semana_2,1211.8879319179753,50.32872353027918,988.8425607921679,0.07,6956.094730836558,0.0,sem_ligacao_inicial
2025-11-13,Quinta,semana_2,1211.8878789068765,50.32875075126234,988.8425607921679,0.07,6956.096011912577,-5.301109877109411e-05,sem_ligacao_inicial
2025-11-14,Sexta,semana_2,1211.8881260517187,13.185715552400854,988.8425607921679,0.07,1822.442530935393,0.000247144842205671,sem_ligacao_inicial
2025-11-03,Segunda,semana_1,1302.8209381756978,20.572597613240212,988.8425607921679,0.07,4583.182052545951,-16.09865624999611,variacao_diaria_minima
2025-11-04,Terça,semana_1,1286.722281925698,23.99149713439,988.8425607921679,0.07,4985.65290019765,-16.09865624999975,variacao_diaria_minima
2025-11-05,Quarta,semana_1,1270.6236256756983,28.0327827147949,988.8425607921679,0.07,5405.769244263907,-16.09865624999975,variacao_diaria_minima
2025-11-06,Quinta,semana_1,1254.5249694256984,32.81989236500179,988.8425607921679,0.07,5837.531842023794,-16.098656249999976,variacao_diaria_minima
2025-11-07,Sexta,semana_1,1238.4263131756952,10.087442942361188,988.8425607921679,0.07,1643.183027435736,-16.09865625000316,variacao_diaria_minima
2025-11-10,Segunda,semana_2,1222.327656925698,45.2642395624858,988.8425607921679,0.07,6695.584093572555,-16.098656249997248,variacao_diaria_minima
2025-11-11,Terça,semana_2,1208.9141099859914,51.88110549183494,988.8425607921679,0.07,7027.169226523735,-13.41354693970652,variacao_diaria_minima
2025-11-12,Quarta,semana_2,1208.9139749923631,51.88117712444739,988.8425607921679,0.07,7027.172415612048,-0.00013499362830771133,variacao_diaria_minima
2025-11-13,Quinta,semana_2,1208.914186348953,51.88106497086949,988.8425607921679,0.07,7027.167422524126,0.00021135658994353435,variacao_diaria_minima
2025-11-14,Sexta,semana_2,1208.9144052736922,13.592412850663294,988.8425607921679,0.07,1841.0629081682573,0.00021892473910156696,variacao_diaria_minima
2025-11-03,Segunda,semana_1,1277.4439850506228,26.237294017132534,988.8425607921679,0.07,5225.9532821989405,-41.475609375071144,transicao_inicial_minima
2025-11-04,Terça,semana_1,1275.443985050575,26.750562405161254,988.8425607921679,0.07,5278.430210885807,-2.0000000000477485,transicao_inicial_minima
2025-11-05,Quarta,semana_1,1273.4439850506071,27.274700861059106,988.8425607921679,0.07,5331.122448390376,-1.9999999999679403,transicao_inicial_minima
2025-11-06,Quinta,semana_1,1271.4439850505246,27.809957209845514,988.8425607921679,0.07,5384.017318738358,-2.0000000000825366,transicao_inicial_minima
2025-11-07,Sexta,semana_1,1269.4439850504482,7.4292090591373325,988.8425607921679,0.07,1424.4791103401606,-2.0000000000763976,transicao_inicial_minima
2025-11-10,Segunda,semana_2,1267.4439850504496,28.914845308804818,988.8425607921679,0.07,5490.360811669292,-1.9999999999986358,transicao_inicial_minima
2025-11-11,Terça,semana_2,1265.443985050551,29.4850036093649,988.8425607921679,0.07,5543.78055994737,-1.9999999998985913,transicao_inicial_minima
2025-11-12,Quarta,semana_2,1263.4439850504878,30.06733323232431,988.8425607921679,0.07,5597.345136923547,-2.00000000006321,transicao_inicial_minima
2025-11-13,Quinta,semana_2,1261.4439850504705,30.662113889321652,988.8425607921679,0.07,5651.03817757615,-2.0000000000172804,transicao_inicial_minima
2025-11-14,Sexta,semana_2,1259.4439850503834,8.192405113606313,988.8425607921679,0.07,1494.6252178022328,-2.000000000087084,transicao_inicial_minima
