Produto,Data,Volume Realizado (kg),Receita Realizada (R$),Custo Realizado (R$)
Produto_A,2025-08-01,5.625635081692173,7133.019651940001,5534.45057088
Produto_A,2025-08-04,31.39046066605553,40158.93920492,30916.6687697274
Produto_A,2025-08-05,22.18488789286329,27917.6622744,21866.7015976464
Produto_A,2025-08-06,11.03079401508689,13690.69127634,10860.5565969318
Produto_A,2025-08-07,15.16080486275928,18998.29252188,14966.4058051068
Produto_A,2025-08-08,7.975570312647418,10004.88210722,7873.9381523484
Produto_A,2025-08-09,2.458941161760963,3107.1804,2429.258436
Produto_A,2025-08-11,28.44470260950854,35885.35911749,27755.2825394526
Produto_A,2025-08-12,13.99147410261878,17873.18069139,13593.9744686988
Produto_A,2025-08-13,16.27925959571052,20534.282704,15868.27397232
Produto_A,2025-08-14,35.39628963953472,44155.00331162001,34247.81546204039
Produto_A,2025-08-15,3.789949976049379,4713.99483236,3676.5250498152
Produto_A,2025-08-18,36.93332565003312,47363.41371842,35100.02910696479
Produto_A,2025-08-19,23.20826445848048,29693.7929457,22027.4104644
Produto_A,2025-08-20,28.47624387543239,35791.59992008,27600.627609324
Produto_A,2025-08-21,29.15701509987631,36806.8783134199,28213.2406865132
Produto_A,2025-08-22,14.1133199827083,17815.15204875,13690.54356219
Produto_A,2025-08-25,25.09924099435518,32308.0729021,24270.03076014
Produto_A,2025-08-26,16.43583267418564,20964.72996177,15943.4822191194
Produto_A,2025-08-27,22.62057484805748,28655.7025635,21950.101536066
Produto_A,2025-08-28,44.61417850063283,55320.4351811,43395.3391507416
Produto_A,2025-08-29,15.45849978182243,19061.14918549,15070.0163207121
Produto_A,2025-08-30,3.683726390623438,4769.64443559,3569.2162971399
Produto_A,2025-09-01,49.1776204922597,60921.80515538,47907.0906880104
Produto_A,2025-09-02,22.01119310016833,28345.34175428,21451.7758041873
Produto_A,2025-09-03,32.89363010757494,43187.66307734,31890.2677101459
Produto_A,2025-09-04,16.92409018776101,22219.391441,16284.7343886975
Produto_A,2025-09-05,3.386453767977198,4446.969149279999,3321.5453398512
Produto_A,2025-09-07,0.5880076691167521,763.642,565.8465779999999
Produto_A,2025-09-08,36.66674168219051,47480.5790571,36116.621976897
Produto_A,2025-09-09,21.65962331480343,28034.83780699,21311.881207551
Produto_A,2025-09-10,19.14181723983961,24821.16789368,18967.1941840392
Produto_A,2025-09-11,28.67668232602363,37143.51231732,28563.5657880045
Produto_A,2025-09-12,5.982237678152265,7779.84818907,5920.6254773886
Produto_A,2025-09-15,26.0358597011563,33658.0868517499,25821.261612135
Produto_A,2025-09-16,23.16611767241547,29956.65384747,22952.0527727931
Produto_A,2025-09-17,16.94614582087715,21965.40286344,16699.4585160084
Produto_A,2025-09-18,18.04114706611702,23631.2189990099,17765.2551936717
Produto_A,2025-09-19,7.671407309223985,9912.95915879,7632.025312229999
Produto_A,2025-09-22,20.12708823573591,26448.07420129,19397.2446344457
Produto_A,2025-09-23,15.93821782038493,20729.6697076,15521.7629619161
Produto_A,2025-09-24,15.36805083850161,19917.48641556,15030.530965494
Produto_A,2025-09-25,12.79168989074229,16686.18604272,12523.2438653982
Produto_A,2025-09-26,2.449797642506198,3205.74318163,2394.53824203
Produto_A,2025-09-27,2.004571599261655,2574.485,1966.637475
Produto_A,2025-09-28,1.336381066174436,1698.46999999999,1316.70495
Produto_A,2025-09-29,22.37551997919094,29080.62675733,21912.7808278566
Produto_A,2025-09-30,7.396131518926977,9540.106266820001,7250.421563292601
Produto_A,2025-10-01,13.60840848828627,17204.7303304,13264.2108525366
Produto_A,2025-10-02,27.35716906166645,34040.84205454,26645.292123219
Produto_A,2025-10-03,5.873095436477825,7200.46028419999,5710.64742697679
Produto_A,2025-10-05,2.084754463232121,2597.3922,2054.059722
Produto_A,2025-10-06,34.47653071626443,43260.2445529,33909.502396869
Produto_A,2025-10-07,58.38654490916591,72294.10132258,57497.93050349699
Produto_A,2025-10-08,55.22333359829316,66786.18074746,54389.62028334779
Produto_A,2025-10-09,67.68334974498374,82157.95945643,66657.73221742139
Produto_A,2025-10-10,17.93610484155355,21673.422122,17581.07868363
Produto_A,2025-10-11,0.5880076691167521,699.061,575.170596
Produto_A,2025-10-13,69.35364165711466,84643.9742194099,68307.2618372694
Produto_A,2025-10-14,50.50365796898195,61100.916958,49755.58102746
Produto_A,2025-10-15,100.0,120163.16634282,98592.1023042054
Produto_A,2025-10-16,65.26434499500434,78890.14730884,64274.2060809024
Produto_A,2025-10-17,7.799523489275995,9717.66308668,7680.528460340999
Produto_A,2025-10-18,2.549109465057885,3187.1767302,2511.5683824
Produto_A,2025-10-19,0.5880076691167521,725.346599999999,575.170596
Produto_A,2025-10-20,31.31326327738663,38804.02356561,32263.4105374086
Produto_A,2025-10-21,26.53177467824086,33686.3116585,25957.83561624
Produto_A,2025-10-22,16.16584628014855,21483.01884035,16049.295574488
Produto_A,2025-10-23,2.82428101763173,3797.61648385,2791.267470486
Produto_A,2025-10-24,1.844205871320722,2518.24699999999,1820.905515
Produto_A,2025-10-26,0.6147352904402408,832.4666000000001,617.1785729999999
Produto_A,2025-10-27,12.19328250416855,16490.47758745,12062.1460690764
Produto_A,2025-10-28,16.47655487803411,21926.451819,16631.9168946183
Produto_A,2025-10-29,19.46302177461891,26134.9556072399,19608.3221138244
Produto_A,2025-10-30,8.468614743201815,11357.92980136,8535.811692592799
Produto_A,2025-10-31,8.14696118438429,10745.18674111,8232.07116996
