data,dia_semana,volume_kg,preco_kg,cook,alavancagem,residuo_studentizado,elasticidade_sem_observacao,delta_elasticidade
2025-08-01,Sexta,5.625635081692173,1267.9492267732394,0.0023682817170119566,0.07171324752969518,-0.3480335617157024,-12.376798122896886,-0.012102721603870492
2025-08-04,Segunda,31.39046066605553,1279.335771212379,0.0017917374455915674,0.019332473043597143,0.6002698486930361,-12.376814006805745,-0.01211860551272892
2025-08-05,Terça,22.18488789286329,1258.4089858475645,0.0011770117902130748,0.021930367906397352,-0.4557004408289776,-12.412207870784528,-0.047512469491511666
2025-08-06,Quarta,11.03079401508689,1241.133798493123,0.03556065108173784,0.0300377302630217,-2.199561458636225,-12.811166797911522,-0.4464713966185059
2025-08-07,Quinta,15.16080486275928,1253.1189929465456,0.010211732672582033,0.023828219046860832,-1.2997695035343515,-12.539903016354348,-0.17520761506133198
2025-08-08,Sexta,7.975570312647418,1254.4409634699805,0.00012429011642594456,0.07469630635603579,0.07793317653741923,-12.355491272297531,0.00920412899548495
2025-08-09,Sábado,2.458941161760963,1263.6253556286,0.03788635128792057,0.10015580318196227,1.169837624570631,-12.334392651071582,0.030302750221434138
2025-08-11,Segunda,28.44470260950854,1261.583206199322,3.5071241740748306e-05,0.021035390657102804,0.080241010507473,-12.357848660477384,0.006846740815632302
2025-08-12,Terça,13.99147410261878,1277.433711437502,0.004787378517301172,0.019250909604508953,-0.9875464804564921,-12.355861601112974,0.008833800180042317
2025-08-13,Quarta,16.27925959571052,1261.3769430527818,0.005366185052262165,0.021088027750093774,-0.9981725976368173,-12.450506126565845,-0.08581072527282885
2025-08-14,Quinta,35.39628963953472,1247.4472257200237,0.0003724538674625124,0.02643359613693086,0.2327016057208713,-12.324930476931009,0.03976492436200729
2025-08-15,Sexta,3.789949976049379,1243.8145258249133,0.05575825544875888,0.07937918102888636,-1.6265950676999894,-12.65967504635767,-0.2949796450646538
2025-08-18,Segunda,36.93332565003312,1282.403165293552,0.004731157519993586,0.019595330253337817,0.9726970326915283,-12.401727905408288,-0.03703250411527215
2025-08-19,Terça,23.20826445848048,1279.449094473312,2.7920842189820246e-06,0.019339304678848313,0.023631856655701694,-12.365189507356913,-0.000494106063896993
2025-08-20,Quarta,28.47624387543239,1256.893292410621,1.9173824582985274e-07,0.022422035318905298,-0.005742296102839238,-12.365347463335672,-0.0006520620426559987
2025-08-21,Quinta,29.15701509987631,1262.3678448338849,0.0001091891753467035,0.02084214341826196,0.14226555850015374,-12.353226881805785,0.011468519487230822
2025-08-22,Sexta,14.1133199827083,1262.293497956342,0.03621629409316574,0.07256355243812147,1.3689414363515247,-12.2707495543002,0.09394584699281516
2025-08-25,Segunda,25.09924099435518,1287.2131435913177,0.0005269972307270178,0.020331458850541995,0.316707940980878,-12.385778909809726,-0.02108350851671048
2025-08-26,Terça,16.43583267418564,1275.550218681498,0.002491610894519556,0.019231898791450354,-0.7104662060775022,-12.366205392312086,-0.0015099910190699006
2025-08-27,Quarta,22.62057484805748,1266.7981585782193,0.00034985105294493883,0.019957768666909903,-0.26044034863582316,-12.378786445915246,-0.014091044622229987
2025-08-28,Quinta,44.61417850063283,1239.974309519457,0.0023068622184010713,0.030781109503033033,0.536352858069739,-12.248562136523342,0.11613326476967423
2025-08-29,Sexta,15.45849978182243,1233.05297761843,0.02242044027173301,0.08627722035283643,0.9742214213580493,-12.119502429075705,0.2451929722173105
2025-08-30,Sábado,3.683726390623438,1294.7879212013845,0.1998796708675344,0.1062667632842639,2.7044099778957253,-12.79324173523742,-0.42854633394440356
2025-09-01,Segunda,49.1776204922597,1238.8115680580515,0.004052841818114439,0.031552135588749586,0.7029143090760246,-12.207664387266085,0.15703101402693065
2025-09-02,Terça,22.01119310016833,1287.7694373624497,3.0273870737904898e-05,0.02044194996501858,0.0756481528376699,-12.369981896531549,-0.005286495238532751
2025-09-03,Quarta,32.89363010757494,1312.9491313697995,0.013808334773055266,0.030818496337423618,1.3248394616410484,-12.649111787077903,-0.2844163857848869
2025-09-04,Quinta,16.92409018776101,1312.8854310330012,7.218856291715087e-06,0.030779235462046195,0.029944171618537428,-12.371191580411988,-0.006496179118972378
2025-09-05,Sexta,3.386453767977198,1313.1639921770643,0.005794772260126968,0.08463882468568583,-0.49805796841876226,-12.245987535033652,0.11870786625936347
2025-09-07,Domingo,0.5880076691167521,1298.693945858,0.03233160278145306,0.10818918521722914,-1.0329757978410508,-12.169426720703289,0.19526868058972724
2025-09-08,Segunda,36.66674168219051,1294.9222341226437,0.00811196861649731,0.02232643827519376,1.195560139359144,-12.497075049571013,-0.13237964827799686
2025-09-09,Terça,21.65962331480343,1294.3363510772317,0.0001567903248352009,0.02213989821135076,0.1653052560650383,-12.382611517103168,-0.017916115810152178
2025-09-10,Quarta,19.14181723983961,1296.6986144878676,4.701965769718004e-06,0.02292687967021312,-0.028114225755445477,-12.36125879106632,0.0034366102266965015
2025-09-11,Quinta,28.67668232602363,1295.2513786301165,0.0030098447120096242,0.02243373962165429,0.7218970325953725,-12.446520817292358,-0.0818254159993419
2025-09-12,Sexta,5.982237678152265,1300.4913224164916,0.0032399215064996406,0.07758398400612836,0.3902139051385055,-12.427980336852094,-0.06328493555907855
2025-09-15,Segunda,26.0358597011563,1292.758804129486,0.001339949927234009,0.021666057951957418,0.4893526790964293,-12.413137183846692,-0.048441782553675594
2025-09-16,Terça,23.16611767241547,1293.123615751128,0.0004166603383753102,0.021771943211223554,0.27188260633875794,-12.392221853314194,-0.02752645202117776
2025-09-17,Quarta,16.94614582087715,1296.1887083716272,0.00043245347995076827,0.022749167637240664,-0.2708364514228163,-12.33241417658412,0.03228122470889616
2025-09-18,Quinta,18.04114706611702,1309.8512479503902,7.228768486512157e-05,0.028984292253389388,0.09774309228853173,-12.384163436246723,-0.019468034953707303
2025-09-19,Sexta,7.671407309223985,1292.1956505778028,0.010642592742690476,0.07438614440258055,0.7254191979172783,-12.445891653615044,-0.08119625232202843
2025-09-22,Segunda,20.12708823573591,1314.0536719231495,0.0012192409929448502,0.0315095469450255,0.3848724755442983,-12.450733701131266,-0.08603829983825051
2025-09-23,Terça,15.93821782038493,1300.626578279462,0.0006003691856822902,0.024439805633292844,-0.30765896793410613,-12.320044567627937,0.04465083366507905
2025-09-24,Quarta,15.36805083850161,1296.0320488829125,0.0012495874330675754,0.022695434238146905,-0.46139414200002016,-12.310177986471205,0.05451741482181127
2025-09-25,Quinta,12.79168989074229,1304.455172478522,0.0029648587544824066,0.0261581356583398,-0.6618680734530228,-12.254090787582735,0.11060461371028119
2025-09-26,Sexta,2.449797642506198,1308.5746863363183,0.033690534552364856,0.08178488087267982,-1.2345091651849123,-12.106879024874058,0.25781637641895827
2025-09-27,Sábado,2.004571599261655,1284.3068319177337,0.038434162666441604,0.10236078406448644,1.1639659892134053,-12.482215079931727,-0.11751967863871116
2025-09-28,Domingo,1.336381066174436,1270.947368973193,0.00020173480197548224,0.1000856086102548,0.08459018985098277,-12.36633506155752,-0.001639660264503462
2025-09-29,Segunda,22.37551997919094,1299.662612729213,0.0006598348091601629,0.02404498508585262,0.3252643807328585,-12.410064347031211,-0.045368945738195166
2025-09-30,Terça,7.396131518926977,1289.877856066582,0.021049227014161245,0.020908165884873098,-2.0281212744464723,-12.202488791908758,0.16220660938425802
2025-10-01,Quarta,13.60840848828627,1264.272037777918,0.008650149164438724,0.020419074381576308,-1.294409471138174,-12.453257584723517,-0.0885621834305006
2025-10-02,Quinta,27.35716906166645,1244.31157250985,0.0007588077267222834,0.028130281461995477,-0.3218046190537308,-12.425853290564707,-0.061157889271690635
2025-10-03,Sexta,5.873095436477825,1226.007709576435,0.030643163789444258,0.091995097819032,-1.1015423165747198,-12.691400178358677,-0.32670477706566103
2025-10-05,Domingo,2.084754463232121,1245.8983759522,0.006855874688677707,0.1043071280639718,0.48267888549485943,-12.298281516170608,0.06641388512240809
2025-10-06,Segunda,34.47653071626443,1254.773715746632,0.0006178550631912448,0.02317968378593238,0.32070383110147294,-12.324198763050804,0.04049663824221206
2025-10-07,Terça,58.38654490916591,1238.1979689849877,0.008694709407906951,0.031969362171108795,1.0265912631132934,-12.132361902465885,0.23233349882713128
2025-10-08,Quarta,55.22333359829316,1209.3833601802742,0.0020551967582542155,0.05980975957855872,0.3572988016765372,-12.217300708585775,0.14739469270724115
2025-10-09,Quinta,67.68334974498374,1213.857762152486,0.01031319376376183,0.05440588822618064,0.845068989915286,-12.042379318334135,0.32231608295888137
2025-10-10,Sexta,17.93610484155355,1208.368389539517,0.01905559010516164,0.11060353769741803,0.7807711783282024,-12.040414358939739,0.32428104235327737
2025-10-11,Sábado,0.5880076691167521,1188.863745689,0.5231912648380049,0.15851655124564795,-3.599149140647621,-14.099389290446455,-1.734693889153439
2025-10-13,Segunda,69.35364165711466,1220.4690654586077,0.012930518808595828,0.047158934127529584,1.022595799824101,-12.019283149866244,0.34541225142677234
2025-10-14,Terça,50.50365796898195,1209.8315135019848,0.0005853609279076104,0.05925019189665459,0.1915177920897439,-12.286209265613191,0.07848613567982454
2025-10-15,Quarta,100.0,1201.6316634282,0.035809226097996756,0.07014037381961646,1.3868162055116795,-11.728333978505912,0.636361422787104
2025-10-16,Quinta,65.26434499500434,1208.7786572420002,0.007366038849391383,0.06057128688929225,0.6734277882449572,-12.084821687908477,0.27987371338453926
2025-10-17,Sexta,7.799523489275995,1245.9303571610965,0.0003744214550264657,0.0782798594510158,-0.131886698576318,-12.387291424392256,-0.022596023099239915
2025-10-18,Sábado,2.549109465057885,1250.30987248232,0.027348078233960692,0.10273868283521245,0.9771234253927121,-12.258119789926141,0.10657561136687477
2025-10-19,Domingo,0.5880076691167521,1233.5665640033983,0.1673116724407602,0.11061892261304519,-2.3947033786628196,-12.864936291658374,-0.5002408903653581
2025-10-20,Segunda,31.31326327738663,1239.220046210672,0.0002091668177559605,0.03127834827328213,-0.1598803456147658,-12.40012489399251,-0.03542949269949425
2025-10-21,Terça,26.53177467824086,1269.659194193545,4.852549804186457e-05,0.019572153303661632,0.09792549226974416,-12.36106396962343,0.003631431669585794
2025-10-22,Quarta,16.16584628014855,1328.91396268755,0.0006067610820562526,0.04267406341447799,0.23180028437489028,-12.436760789564358,-0.07206538827134246
2025-10-23,Quinta,2.82428101763173,1344.6312389389814,0.1303840029957341,0.058174752563359355,-3.071206863350871,-11.198542167710803,1.1661532335822127
2025-10-24,Sexta,1.844205871320722,1365.4912605806614,0.02430155493844099,0.1400343549328649,-0.7704440120121699,-11.93399958730484,0.43069581398817647
2025-10-26,Domingo,0.6147352904402408,1354.1870996276002,0.000526920754129499,0.16145240517633141,0.10390589579013725,-12.420595218551211,-0.05589981725819548
2025-10-27,Segunda,12.19328250416855,1352.4231544551155,0.0002091288762183774,0.06722609109576805,0.10699271222550187,-12.412926602578906,-0.048231201285890535
2025-10-28,Terça,16.47655487803411,1330.7667762653148,0.0010728404978273835,0.04430650127951541,0.30231899694253217,-12.461959197041079,-0.09726379574806288
2025-10-29,Quarta,19.46302177461891,1342.8005121651584,0.010785388768573505,0.05617818202311131,0.8497066464604145,-12.697137971038952,-0.3324425697459361
2025-10-30,Quinta,8.468614743201815,1341.1791828737496,0.009442431853663615,0.05445165246302608,-0.8079013033261496,-12.056215359143202,0.3084800421498137
2025-10-31,Sexta,8.14696118438429,1318.919594425694,0.04493339924949926,0.08869132185917088,1.367137423238813,-12.733834138410597,-0.3691387371175807
