candidate,data,inicio_semana,dia_semana,preco_kg,volume_real_kg,volume_previsto_kg,price_slope,smearing,training_rows,erro_kg,erro_absoluto_kg
P0,2025-10-09,2025-10-06,Quinta,1213.857762152486,67.68334974498374,29.528442823854892,-8.747071339400573,1.3981949178317392,55,-38.154906921128855,38.154906921128855
P0,2025-10-10,2025-10-06,Sexta,1208.368389539517,17.93610484155355,35.351822013143035,-11.01161752196419,1.3985049069676034,56,17.415717171589485,17.415717171589485
P0,2025-10-11,2025-10-06,Sábado,1188.863745689,0.5880076691167521,40.119353725114934,-10.365611925805732,1.3947246893620562,57,39.531346055998185,39.531346055998185
P0,2025-10-13,2025-10-13,Segunda,1220.4690654586077,69.35364165711466,21.813346060750092,-2.2485896842140214,1.4802601464667948,58,-47.54029559636457,47.54029559636457
P0,2025-10-14,2025-10-13,Terça,1209.8315135019848,50.50365796898195,25.036220292859465,-4.086066250326575,1.4837898346410006,59,-25.467437676122483,25.467437676122483
P0,2025-10-15,2025-10-13,Quarta,1201.6316634282,100.0,28.194718426484762,-5.544244166884269,1.4734487777232252,60,-71.80528157351523,71.80528157351523
P0,2025-10-16,2025-10-13,Quinta,1208.7786572420002,65.26434499500434,31.385436644263244,-7.828255373267557,1.4788561592469627,61,-33.87890835074109,33.87890835074109
P0,2025-10-17,2025-10-13,Sexta,1245.9303571610965,7.799523489275995,25.619897007641775,-9.112232878293476,1.4704373524415284,62,17.82037351836578,17.82037351836578
P0,2025-10-18,2025-10-13,Sábado,1250.30987248232,2.549109465057885,24.46243818450223,-8.791523949828019,1.4743888934262421,63,21.913328719444344,21.913328719444344
P0,2025-10-19,2025-10-13,Domingo,1233.5665640033983,0.5880076691167521,26.797604636320763,-8.214101763907813,1.4998379521122758,64,26.20959696720401,26.20959696720401
P0,2025-10-20,2025-10-20,Segunda,1239.220046210672,31.31326327738663,24.51616858635333,-6.1239127909892375,1.5699880863520062,65,-6.797094691033298,6.797094691033298
P0,2025-10-21,2025-10-20,Terça,1269.659194193545,26.53177467824086,21.16211751648778,-6.465795698862156,1.5575608543896309,66,-5.369657161753082,5.369657161753082
P0,2025-10-22,2025-10-20,Quarta,1328.91396268755,16.16584628014855,15.858902493091142,-6.415751232669388,1.5482658205804798,67,-0.3069437870574081,0.3069437870574081
P0,2025-10-23,2025-10-20,Quinta,1344.6312389389814,2.82428101763173,15.179053628320393,-5.929503287244481,1.5417869400919,68,12.354772610688663,12.354772610688663
P0,2025-10-24,2025-10-20,Sexta,1365.4912605806614,1.844205871320722,12.143776045170213,-7.443075752718022,1.540028070014137,69,10.299570173849492,10.299570173849492
P0,2025-10-26,2025-10-20,Domingo,1354.1870996276002,0.6147352904402408,11.133270930544342,-9.41153768016133,1.5399709316122343,70,10.518535640104101,10.518535640104101
P0,2025-10-27,2025-10-27,Segunda,1352.4231544551155,12.19328250416855,9.295285745001033,-12.121787486195162,1.5588436107900288,71,-2.8979967591675173,2.8979967591675173
P0,2025-10-28,2025-10-27,Terça,1330.7667762653148,16.47655487803411,11.748745374599453,-11.409423909782276,1.5526537967552112,72,-4.727809503434658,4.727809503434658
P0,2025-10-29,2025-10-27,Quarta,1342.8005121651584,19.46302177461891,10.996033038801865,-10.862557042577187,1.5468055491108421,73,-8.466988735817043,8.466988735817043
P0,2025-10-30,2025-10-27,Quinta,1341.1791828737496,8.468614743201815,11.762075024751887,-10.061154272726256,1.5449098637884757,74,3.2934602815500718,3.2934602815500718
P0,2025-10-31,2025-10-27,Sexta,1318.919594425694,8.14696118438429,13.908524573152054,-9.982616715622239,1.5373347185129325,75,5.7615633887677635,5.7615633887677635
P1,2025-10-09,2025-10-06,Quinta,1213.857762152486,67.68334974498374,31.568636145020047,-8.08275140823395,1.2019070125914164,55,-36.11471359996369,36.11471359996369
P1,2025-10-10,2025-10-06,Sexta,1208.368389539517,17.93610484155355,36.80579501534957,-9.916198740446386,1.2040012503295805,56,18.869690173796016,18.869690173796016
P1,2025-10-11,2025-10-06,Sábado,1188.863745689,0.5880076691167521,3.9908818535299098,-8.91692143792947,1.2045963786029554,57,3.402874184413158,3.402874184413158
P1,2025-10-13,2025-10-13,Segunda,1220.4690654586077,69.35364165711466,28.00689135960455,-5.60707963944348,1.2218870752359556,58,-41.34675029751011,41.34675029751011
P1,2025-10-14,2025-10-13,Terça,1209.8315135019848,50.50365796898195,32.241025218248936,-6.953594510988074,1.2266148073396448,59,-18.26263275073301,18.26263275073301
P1,2025-10-15,2025-10-13,Quarta,1201.6316634282,100.0,35.84148601934341,-7.837257492983011,1.2234233769378313,60,-64.1585139806566,64.1585139806566
P1,2025-10-16,2025-10-13,Quinta,1208.7786572420002,65.26434499500434,38.23983122304311,-9.552749930727469,1.2302788211441822,61,-27.024513771961225,27.024513771961225
P1,2025-10-17,2025-10-13,Sexta,1245.9303571610965,7.799523489275995,29.402345025574718,-10.408671125933232,1.2280411614182063,62,21.602821536298723,21.602821536298723
P1,2025-10-18,2025-10-13,Sábado,1250.30987248232,2.549109465057885,2.0629616551155543,-9.951596504107066,1.2359667993251287,63,-0.48614780994233087,0.48614780994233087
P1,2025-10-19,2025-10-13,Domingo,1233.5665640033983,0.5880076691167521,2.4840462872179625,-10.04439674067537,1.2317142553920686,64,1.8960386181012105,1.8960386181012105
P1,2025-10-20,2025-10-20,Segunda,1239.220046210672,31.31326327738663,30.176805804905225,-9.454981160981848,1.2417065180768136,65,-1.1364574724814034,1.1364574724814034
P1,2025-10-21,2025-10-20,Terça,1269.659194193545,26.53177467824086,24.007901101373655,-9.585654860874165,1.2375054830138297,66,-2.5238735768672065,2.5238735768672065
P1,2025-10-22,2025-10-20,Quarta,1328.91396268755,16.16584628014855,15.554348404517828,-9.56843768705447,1.2337611159972284,67,-0.6114978756307217,0.6114978756307217
P1,2025-10-23,2025-10-20,Quinta,1344.6312389389814,2.82428101763173,14.136575695839708,-9.306397444991102,1.2304123557396587,68,11.312294678207978,11.312294678207978
P1,2025-10-24,2025-10-20,Sexta,1365.4912605806614,1.844205871320722,10.638200823353438,-10.994602868429592,1.2379357408350022,69,8.793994952032715,8.793994952032715
P1,2025-10-26,2025-10-20,Domingo,1354.1870996276002,0.6147352904402408,0.6888355138368892,-13.071851063949588,1.2478724095549283,70,0.07410022339664846,0.07410022339664846
P1,2025-10-27,2025-10-27,Segunda,1352.4231544551155,12.19328250416855,10.253717409459384,-12.950079642062093,1.243997966362347,71,-1.9395650947091667,1.9395650947091667
P1,2025-10-28,2025-10-27,Terça,1330.7667762653148,16.47655487803411,12.909760727108777,-12.562327240618515,1.2407671381320482,72,-3.5667941509253343,3.5667941509253343
P1,2025-10-29,2025-10-27,Quarta,1342.8005121651584,19.46302177461891,11.78769192236444,-12.242400476308893,1.2379264534033136,73,-7.675329852254469,7.675329852254469
P1,2025-10-30,2025-10-27,Quinta,1341.1791828737496,8.468614743201815,12.447298849785236,-11.678697828130922,1.2372011716592632,74,3.9786841065834206,3.9786841065834206
P1,2025-10-31,2025-10-27,Sexta,1318.919594425694,8.14696118438429,14.998234627453767,-11.80447332207111,1.2346097341611573,75,6.851273443069477,6.851273443069477
P2,2025-10-09,2025-10-06,Quinta,1213.857762152486,67.68334974498374,43.8940385229241,-11.526995448692091,1.0714673011580473,55,-23.789311222059645,23.789311222059645
P2,2025-10-10,2025-10-06,Sexta,1208.368389539517,17.93610484155355,12.30853789791474,-12.446013198006776,1.0717836692440705,56,-5.627566943638811,5.627566943638811
P2,2025-10-11,2025-10-06,Sábado,1188.863745689,0.5880076691167521,7.539814786192774,-13.218152098350306,1.0712569861848231,57,6.951807117076021,6.951807117076021
P2,2025-10-13,2025-10-13,Segunda,1220.4690654586077,69.35364165711466,50.037434635239144,-8.62603851453183,1.1008922580948797,58,-19.31620702187552,19.31620702187552
P2,2025-10-14,2025-10-13,Terça,1209.8315135019848,50.50365796898195,36.30368010723923,-9.195893930014437,1.0999874431425265,59,-14.199977861742717,14.199977861742717
P2,2025-10-15,2025-10-13,Quarta,1201.6316634282,100.0,39.03494627649732,-9.810869239033373,1.0986573548931962,60,-60.96505372350268,60.96505372350268
P2,2025-10-16,2025-10-13,Quinta,1208.7786572420002,65.26434499500434,49.100778826909696,-11.180751186749486,1.1042033671716827,61,-16.16356616809464,16.16356616809464
P2,2025-10-17,2025-10-13,Sexta,1245.9303571610965,7.799523489275995,8.901304885774435,-11.597533874349459,1.1029524854407733,62,1.1017813964984402,1.1017813964984402
P2,2025-10-18,2025-10-13,Sábado,1250.30987248232,2.549109465057885,2.1218123171086467,-11.586238186482454,1.1013944903294999,63,-0.42729714794923845,0.42729714794923845
P2,2025-10-19,2025-10-13,Domingo,1233.5665640033983,0.5880076691167521,1.8440956345883663,-11.616868075733194,1.0986807240723229,64,1.2560879654716142,1.2560879654716142
P2,2025-10-20,2025-10-20,Segunda,1239.220046210672,31.31326327738663,48.93631351292248,-11.031731025653883,1.103921289253018,65,17.623050235535853,17.623050235535853
P2,2025-10-21,2025-10-20,Terça,1269.659194193545,26.53177467824086,24.384730957220984,-10.815026152078577,1.1034427962888311,66,-2.1470437210198767,2.1470437210198767
P2,2025-10-22,2025-10-20,Quarta,1328.91396268755,16.16584628014855,15.21846769531497,-10.825190817934105,1.1019332920417226,67,-0.9473785848335794,0.9473785848335794
P2,2025-10-23,2025-10-20,Quinta,1344.6312389389814,2.82428101763173,15.917856746376517,-10.659423858364137,1.1005153772558793,68,13.093575728744787,13.093575728744787
P2,2025-10-24,2025-10-20,Sexta,1365.4912605806614,1.844205871320722,2.8425903864980073,-12.642872373610913,1.109544012842421,69,0.9983845151772854,0.9983845151772854
P2,2025-10-26,2025-10-20,Domingo,1354.1870996276002,0.6147352904402408,0.4366376023734667,-13.088998714605282,1.1087191298588,70,-0.17809768806677406,0.17809768806677406
P2,2025-10-27,2025-10-27,Segunda,1352.4231544551155,12.19328250416855,16.467102353707038,-12.650502334791305,1.1079648691546937,71,4.273819849538487,4.273819849538487
P2,2025-10-28,2025-10-27,Terça,1330.7667762653148,16.47655487803411,13.645164442290291,-12.835395017813898,1.106610858495034,72,-2.8313904357438204,2.8313904357438204
P2,2025-10-29,2025-10-27,Quarta,1342.8005121651584,19.46302177461891,12.469760156106332,-12.644341624857107,1.1056072995198925,73,-6.993261618512577,6.993261618512577
P2,2025-10-30,2025-10-27,Quinta,1341.1791828737496,8.468614743201815,13.168979780487271,-12.2088359295044,1.1057526239600026,74,4.700365037285456,4.700365037285456
P2,2025-10-31,2025-10-27,Sexta,1318.919594425694,8.14696118438429,4.31040191269744,-12.463181114640761,1.1052449239097133,75,-3.83655927168685,3.83655927168685
P3,2025-10-09,2025-10-06,Quinta,1213.857762152486,67.68334974498374,42.50680292787886,-10.415033014147372,1.0920212179795477,55,-25.176546817104885,25.176546817104885
P3,2025-10-10,2025-10-06,Sexta,1208.368389539517,17.93610484155355,11.974272754202733,-11.506855808700216,1.0924181463148592,56,-5.9618320873508175,5.9618320873508175
P3,2025-10-11,2025-10-06,Sábado,1188.863745689,0.5880076691167521,4.609246471508938,-12.333219599433122,1.0918796851723358,57,4.021238802392186,4.021238802392186
P3,2025-10-13,2025-10-13,Segunda,1220.4690654586077,69.35364165711466,38.24126109113826,-8.491714713832048,1.1141832951393407,58,-31.1123805659764,31.1123805659764
P3,2025-10-14,2025-10-13,Terça,1209.8315135019848,50.50365796898195,43.91620963906829,-9.389817254502026,1.1154706983479705,59,-6.587448329913656,6.587448329913656
P3,2025-10-15,2025-10-13,Quarta,1201.6316634282,100.0,47.93897502724203,-9.737991946198353,1.1134511978637853,60,-52.06102497275797,52.06102497275797
P3,2025-10-16,2025-10-13,Quinta,1208.7786572420002,65.26434499500434,49.09255671826719,-10.940754127975081,1.1164514964728542,61,-16.171788276737146,16.171788276737146
P3,2025-10-17,2025-10-13,Sexta,1245.9303571610965,7.799523489275995,8.973205159669991,-11.403966953548592,1.1149863860995828,62,1.1736816703939965,1.1736816703939965
P3,2025-10-18,2025-10-13,Sábado,1250.30987248232,2.549109465057885,1.8861748171442194,-11.39386396840852,1.1132288960487928,63,-0.6629346479136657,0.6629346479136657
P3,2025-10-19,2025-10-13,Domingo,1233.5665640033983,0.5880076691167521,2.314257004712725,-11.483804025036951,1.1108268274059616,64,1.726249335595973,1.726249335595973
P3,2025-10-20,2025-10-20,Segunda,1239.220046210672,31.31326327738663,37.89779849336871,-10.875994379752253,1.1229820265654629,65,6.584535215982083,6.584535215982083
P3,2025-10-21,2025-10-20,Terça,1269.659194193545,26.53177467824086,29.016095562458418,-10.835745261618513,1.1212768750711952,66,2.4843208842175564,2.4843208842175564
P3,2025-10-22,2025-10-20,Quarta,1328.91396268755,16.16584628014855,17.681893129608692,-10.834866068995249,1.1194427879652178,67,1.5160468494601425,1.5160468494601425
P3,2025-10-23,2025-10-20,Quinta,1344.6312389389814,2.82428101763173,15.571724886137634,-10.810827916078459,1.1176812647133458,68,12.747443868505904,12.747443868505904
P3,2025-10-24,2025-10-20,Sexta,1365.4912605806614,1.844205871320722,2.875676529762001,-12.704204838102772,1.1278647088196718,69,1.031470658441279,1.031470658441279
P3,2025-10-26,2025-10-20,Domingo,1354.1870996276002,0.6147352904402408,0.618900308350271,-13.142693359444246,1.1270108094621551,70,0.004165017910030211,0.004165017910030211
P3,2025-10-27,2025-10-27,Segunda,1352.4231544551155,12.19328250416855,12.409808695788756,-13.015051672774767,1.1248116310769853,71,0.21652619162020592,0.21652619162020592
P3,2025-10-28,2025-10-27,Terça,1330.7667762653148,16.47655487803411,15.386881841381982,-12.91649619792081,1.1230735725676324,72,-1.0896730366521297,1.0896730366521297
P3,2025-10-29,2025-10-27,Quarta,1342.8005121651584,19.46302177461891,13.821950000740546,-12.78942277601058,1.121477886573312,73,-5.6410717738783624,5.6410717738783624
P3,2025-10-30,2025-10-27,Quinta,1341.1791828737496,8.468614743201815,14.417027877078441,-12.433309138927893,1.121059698523779,74,5.948413133876626,5.948413133876626
P3,2025-10-31,2025-10-27,Sexta,1318.919594425694,8.14696118438429,4.326472935476843,-12.733834138410597,1.1207170336935246,75,-3.8204882489074468,3.8204882489074468
P4,2025-10-09,2025-10-06,Quinta,1213.857762152486,67.68334974498374,39.244945001774646,-11.042212449629321,1.0834702830788194,55,-28.438404743209098,28.438404743209098
P4,2025-10-10,2025-10-06,Sexta,1208.368389539517,17.93610484155355,12.337530810958416,-12.250781040491663,1.0847663964690977,56,-5.598574030595135,5.598574030595135
P4,2025-10-11,2025-10-06,Sábado,1188.863745689,0.5880076691167521,4.806279767403175,-13.023693250120616,1.0841419043849612,57,4.218272098286422,4.218272098286422
P4,2025-10-13,2025-10-13,Segunda,1220.4690654586077,69.35364165711466,51.36950280701636,-9.049112103131133,1.10752028310478,58,-17.984138850098304,17.984138850098304
P4,2025-10-14,2025-10-13,Terça,1209.8315135019848,50.50365796898195,39.4361905404865,-9.580346872844961,1.1064636741812877,59,-11.067467428495448,11.067467428495448
P4,2025-10-15,2025-10-13,Quarta,1201.6316634282,100.0,43.653448673412676,-10.059890235668455,1.1048664127640113,60,-56.346551326587324,56.346551326587324
P4,2025-10-16,2025-10-13,Quinta,1208.7786572420002,65.26434499500434,45.243762046849085,-11.360491714051117,1.1094292468003455,61,-20.02058294815525,20.02058294815525
P4,2025-10-17,2025-10-13,Sexta,1245.9303571610965,7.799523489275995,8.984566753776566,-11.897676070233064,1.108435304285285,62,1.185043264500571,1.185043264500571
P4,2025-10-18,2025-10-13,Sábado,1250.30987248232,2.549109465057885,1.8848846459484216,-11.885151736799472,1.10679886231672,63,-0.6642248191094635,0.6642248191094635
P4,2025-10-19,2025-10-13,Domingo,1233.5665640033983,0.5880076691167521,2.3266161187702825,-11.974778345486543,1.1044467416710098,64,1.7386084496535306,1.7386084496535306
P4,2025-10-20,2025-10-20,Segunda,1239.220046210672,31.31326327738663,49.9729341308268,-11.356101613345107,1.1170010172228608,65,18.659670853440172,18.659670853440172
P4,2025-10-21,2025-10-20,Terça,1269.659194193545,26.53177467824086,26.438702467317015,-11.136346024969974,1.1162667944685085,66,-0.09307221092384665,0.09307221092384665
P4,2025-10-22,2025-10-20,Quarta,1328.91396268755,16.16584628014855,15.941728839562721,-11.129314358673245,1.114484139963478,67,-0.22411744058582883,0.22411744058582883
P4,2025-10-23,2025-10-20,Quinta,1344.6312389389814,2.82428101763173,14.121302812959458,-11.000220844958319,1.1128571047284952,68,11.297021795327728,11.297021795327728
P4,2025-10-24,2025-10-20,Sexta,1365.4912605806614,1.844205871320722,2.840660089907361,-12.793442708713288,1.1219471447114282,69,0.996454218586639,0.996454218586639
P4,2025-10-26,2025-10-20,Domingo,1354.1870996276002,0.6147352904402408,0.6120497898156456,-13.22258761639069,1.1210751096084397,70,-0.0026855006245951607,0.0026855006245951607
P4,2025-10-27,2025-10-27,Segunda,1352.4231544551155,12.19328250416855,16.189017232382437,-13.088292782257355,1.118962559592888,71,3.995734728213886,3.995734728213886
P4,2025-10-28,2025-10-27,Terça,1330.7667762653148,16.47655487803411,13.72754044916386,-13.24553632897005,1.1174312810181355,72,-2.749014428870252,2.749014428870252
P4,2025-10-29,2025-10-27,Quarta,1342.8005121651584,19.46302177461891,12.40768590140338,-13.036955798570855,1.1161780378612627,73,-7.05533587321553,7.05533587321553
P4,2025-10-30,2025-10-27,Quinta,1341.1791828737496,8.468614743201815,13.093410368609874,-12.592580002686018,1.1165369007442745,74,4.624795625408058,4.624795625408058
P4,2025-10-31,2025-10-27,Sexta,1318.919594425694,8.14696118438429,4.2922900881268164,-12.829220201051136,1.115858726767548,75,-3.8546710962574737,3.8546710962574737
D1-linear,2025-10-09,2025-10-06,Quinta,1213.857762152486,67.68334974498374,29.76241732991585,-16.548354121772178,1.0,55,-37.920932415067895,37.920932415067895
D1-linear,2025-10-10,2025-10-06,Sexta,1208.368389539517,17.93610484155355,35.11037811845358,-22.27817852151383,1.0,56,17.17427327690003,17.17427327690003
D1-linear,2025-10-11,2025-10-06,Sábado,1188.863745689,0.5880076691167521,37.041688647281575,-19.763582289645797,1.0,57,36.453680978164826,36.453680978164826
D1-linear,2025-10-13,2025-10-13,Segunda,1220.4690654586077,69.35364165711466,27.159009573586417,-13.86151745212733,1.0,58,-42.19463208352825,42.19463208352825
D1-linear,2025-10-14,2025-10-13,Terça,1209.8315135019848,50.50365796898195,31.746235961680014,-17.80898903951808,1.0,59,-18.757422007301933,18.757422007301933
D1-linear,2025-10-15,2025-10-13,Quarta,1201.6316634282,100.0,34.849972862599486,-19.7682532700469,1.0,60,-65.15002713740051,65.15002713740051
D1-linear,2025-10-16,2025-10-13,Quinta,1208.7786572420002,65.26434499500434,38.71308117689199,-26.821038989481284,1.0,61,-26.551263818112346,26.551263818112346
D1-linear,2025-10-17,2025-10-13,Sexta,1245.9303571610965,7.799523489275995,29.691835758641332,-29.210839001450392,1.0,62,21.892312269365338,21.892312269365338
D1-linear,2025-10-18,2025-10-13,Sábado,1250.30987248232,2.549109465057885,27.946088000263217,-28.503916749110694,1.0,63,25.39697853520533,25.39697853520533
D1-linear,2025-10-19,2025-10-13,Domingo,1233.5665640033983,0.5880076691167521,32.10930199238874,-27.86605947779273,1.0,64,31.521294323271984,31.521294323271984
D1-linear,2025-10-20,2025-10-20,Segunda,1239.220046210672,31.31326327738663,29.630465107434645,-26.3242011031896,1.0,65,-1.6827981699519832,1.6827981699519832
D1-linear,2025-10-21,2025-10-20,Terça,1269.659194193545,26.53177467824086,21.640638127515615,-26.390574696545354,1.0,66,-4.891136550725246,4.891136550725246
D1-linear,2025-10-22,2025-10-20,Quarta,1328.91396268755,16.16584628014855,6.0925481265541634,-26.36421564608446,1.0,67,-10.073298153594386,10.073298153594386
D1-linear,2025-10-23,2025-10-20,Quinta,1344.6312389389814,2.82428101763173,2.7737142270831328,-25.493216665146548,1.0,68,-0.05056679054859714,0.05056679054859714
D1-linear,2025-10-24,2025-10-20,Sexta,1365.4912605806614,1.844205871320722,-2.5385838031554044,-25.488229047015317,1.0,69,-4.382789674476126,4.382789674476126
D1-linear,2025-10-26,2025-10-20,Domingo,1354.1870996276002,0.6147352904402408,0.8152828647499746,-25.004354331171847,1.0,70,0.2005475743097338,0.2005475743097338
D1-linear,2025-10-27,2025-10-27,Segunda,1352.4231544551155,12.19328250416855,1.2389558105754759,-25.022164884784452,1.0,71,-10.954326693593075,10.954326693593075
D1-linear,2025-10-28,2025-10-27,Terça,1330.7667762653148,16.47655487803411,7.327649750603371,-24.14460628109218,1.0,72,-9.14890512743074,9.14890512743074
D1-linear,2025-10-29,2025-10-27,Quarta,1342.8005121651584,19.46302177461891,4.906502430267949,-23.633277934449303,1.0,73,-14.55651934435096,14.55651934435096
D1-linear,2025-10-30,2025-10-27,Quinta,1341.1791828737496,8.468614743201815,6.11231411641802,-22.70794599359447,1.0,74,-2.3563006267837956,2.3563006267837956
D1-linear,2025-10-31,2025-10-27,Sexta,1318.919594425694,8.14696118438429,11.260073381899929,-22.569358840027622,1.0,75,3.1131121975156386,3.1131121975156386
E1,2025-10-09,2025-10-06,Quinta,1213.857762152486,67.68334974498374,42.11648738566851,-0.8184840604620127,1.0921204259175785,55,-25.56686235931523,25.56686235931523
E1,2025-10-10,2025-10-06,Sexta,1208.368389539517,17.93610484155355,11.838595082728931,-0.9047592965803597,1.0926111471094577,56,-6.09750975882462,6.09750975882462
E1,2025-10-11,2025-10-06,Sábado,1188.863745689,0.5880076691167521,4.494698971074784,-0.970483972120969,1.0921544405720205,57,3.906691301958032,3.906691301958032
E1,2025-10-13,2025-10-13,Segunda,1220.4690654586077,69.35364165711466,38.22291435542755,-0.6766337934362229,1.1140543248932147,58,-31.130727301687116,31.130727301687116
E1,2025-10-14,2025-10-13,Terça,1209.8315135019848,50.50365796898195,43.759493019639315,-0.7474361432132375,1.115370929527439,59,-6.7441649493426326,6.7441649493426326
E1,2025-10-15,2025-10-13,Quarta,1201.6316634282,100.0,47.639471284637004,-0.7751515951685797,1.11336829456673,60,-52.360528715362996,52.360528715362996
E1,2025-10-16,2025-10-13,Quinta,1208.7786572420002,65.26434499500434,48.86812610577376,-0.8701068547747357,1.1165169661022571,61,-16.396218889230575,16.396218889230575
E1,2025-10-17,2025-10-13,Sexta,1245.9303571610965,7.799523489275995,9.008027829427219,-0.9070094016777852,1.1150812660419256,62,1.208504340151224,1.208504340151224
E1,2025-10-18,2025-10-13,Sábado,1250.30987248232,2.549109465057885,1.8947317315231447,-0.9060896233359685,1.1133312773673996,63,-0.6543777335347405,0.6543777335347405
E1,2025-10-19,2025-10-13,Domingo,1233.5665640033983,0.5880076691167521,2.3192091903707066,-0.9134176824759372,1.1109290044290556,64,1.7312015212539547,1.7312015212539547
E1,2025-10-20,2025-10-20,Segunda,1239.220046210672,31.31326327738663,38.00038281282713,-0.8647151841482795,1.1230754139386656,65,6.687119535440498,6.687119535440498
E1,2025-10-21,2025-10-20,Terça,1269.659194193545,26.53177467824086,29.113434448956195,-0.8613738993604056,1.1213762691708236,66,2.5816597707153335,2.5816597707153335
E1,2025-10-22,2025-10-20,Quarta,1328.91396268755,16.16584628014855,17.4555875076958,-0.8613251981168506,1.119543023666874,67,1.2897412275472497,1.2897412275472497
E1,2025-10-23,2025-10-20,Quinta,1344.6312389389814,2.82428101763173,15.268098042976883,-0.8582809287777358,1.1177804999458996,68,12.443817025345153,12.443817025345153
E1,2025-10-24,2025-10-20,Sexta,1365.4912605806614,1.844205871320722,2.7617455896961545,-1.0106108194328836,1.127708645851803,69,0.9175397183754326,0.9175397183754326
E1,2025-10-26,2025-10-20,Domingo,1354.1870996276002,0.6147352904402408,0.6007924890472458,-1.0418543089581858,1.1266761517251804,70,-0.013942801392994975,0.013942801392994975
E1,2025-10-27,2025-10-27,Segunda,1352.4231544551155,12.19328250416855,12.098336559766167,-1.0288959813769523,1.1244083250325645,71,-0.09494594440238302,0.09494594440238302
E1,2025-10-28,2025-10-27,Terça,1330.7667762653148,16.47655487803411,15.221124020353257,-1.0189722967074624,1.1226974841862782,72,-1.2554308576808548,1.2554308576808548
E1,2025-10-29,2025-10-27,Quarta,1342.8005121651584,19.46302177461891,13.598207769490633,-1.0082799278363184,1.121127550630197,73,-5.8648140051282756,5.8648140051282756
E1,2025-10-30,2025-10-27,Quinta,1341.1791828737496,8.468614743201815,14.221221806849499,-0.9788054054812105,1.1208213558043774,74,5.752607063647684,5.752607063647684
E1,2025-10-31,2025-10-27,Sexta,1318.919594425694,8.14696118438429,4.316052403975851,-1.0020130651674664,1.1204126750094099,75,-3.830908780408439,3.830908780408439
L1,2025-10-09,2025-10-06,Quinta,1213.857762152486,67.68334974498374,37.16939860236528,-18.70634075883446,1.0,55,-30.513951142618467,30.513951142618467
L1,2025-10-10,2025-10-06,Sexta,1208.368389539517,17.93610484155355,21.692381117368654,-23.386331955138438,1.0,56,3.756276275815104,3.756276275815104
L1,2025-10-11,2025-10-06,Sábado,1188.863745689,0.5880076691167521,22.063461775270184,-22.896511139674093,1.0,57,21.475454106153432,21.475454106153432
L1,2025-10-13,2025-10-13,Segunda,1220.4690654586077,69.35364165711466,37.20846269211256,-19.65327428010137,1.0,58,-32.1451789650021,32.1451789650021
L1,2025-10-14,2025-10-13,Terça,1209.8315135019848,50.50365796898195,42.13615709210052,-22.88713129319315,1.0,59,-8.36750087688143,8.36750087688143
L1,2025-10-15,2025-10-13,Quarta,1201.6316634282,100.0,44.856546598909745,-23.805494967157323,1.0,60,-55.143453401090255,55.143453401090255
L1,2025-10-16,2025-10-13,Quinta,1208.7786572420002,65.26434499500434,48.22453644967243,-29.973677831217174,1.0,61,-17.03980854533191,17.03980854533191
L1,2025-10-17,2025-10-13,Sexta,1245.9303571610965,7.799523489275995,14.088370475160218,-31.54754028577447,1.0,62,6.2888469858842235,6.2888469858842235
L1,2025-10-18,2025-10-13,Sábado,1250.30987248232,2.549109465057885,6.077687878367044,-31.382867200247478,1.0,63,3.528578413309159,3.528578413309159
L1,2025-10-19,2025-10-13,Domingo,1233.5665640033983,0.5880076691167521,10.872833677990343,-31.318866881762354,1.0,64,10.28482600887359,10.28482600887359
L1,2025-10-20,2025-10-20,Segunda,1239.220046210672,31.31326327738663,39.7681646461553,-30.92354016187712,1.0,65,8.45490136876867,8.45490136876867
L1,2025-10-21,2025-10-20,Terça,1269.659194193545,26.53177467824086,30.173021992663507,-30.558944111357793,1.0,66,3.641247314422646,3.641247314422646
L1,2025-10-22,2025-10-20,Quarta,1328.91396268755,16.16584628014855,11.981267621972336,-30.567116125452728,1.0,67,-4.184578658176214,4.184578658176214
L1,2025-10-23,2025-10-20,Quinta,1344.6312389389814,2.82428101763173,7.530839484618355,-30.214836314896946,1.0,68,4.706558466986625,4.706558466986625
L1,2025-10-24,2025-10-20,Sexta,1365.4912605806614,1.844205871320722,-23.25472749902957,-30.669705417751466,1.0,69,-25.09893337035029,25.09893337035029
L1,2025-10-26,2025-10-20,Domingo,1354.1870996276002,0.6147352904402408,-24.797231499776103,-27.90487675579518,1.0,70,-25.411966790216344,25.411966790216344
L1,2025-10-27,2025-10-27,Segunda,1352.4231544551155,12.19328250416855,8.844017673702808,-25.589376140415347,1.0,71,-3.349264830465742,3.349264830465742
L1,2025-10-28,2025-10-27,Terça,1330.7667762653148,16.47655487803411,14.608473205392272,-25.323637457941274,1.0,72,-1.8680816726418392,1.8680816726418392
L1,2025-10-29,2025-10-27,Quarta,1342.8005121651584,19.46302177461891,11.669099690401765,-25.221199533316245,1.0,73,-7.793922084217144,7.793922084217144
L1,2025-10-30,2025-10-27,Quinta,1341.1791828737496,8.468614743201815,12.551391566616985,-24.735439991085332,1.0,74,4.08277682341517,4.08277682341517
L1,2025-10-31,2025-10-27,Sexta,1318.919594425694,8.14696118438429,-4.303901034928117,-24.969796019520018,1.0,75,-12.450862219312407,12.450862219312407
T1,2025-10-09,2025-10-06,Quinta,1213.857762152486,67.68334974498374,42.28669296458143,-10.399710083055476,1.0919967669661204,55,-25.396656780402317,25.396656780402317
T1,2025-10-10,2025-10-06,Sexta,1208.368389539517,17.93610484155355,12.369311853016185,-11.538862257564507,1.0924437513980216,56,-5.566792988537365,5.566792988537365
T1,2025-10-11,2025-10-06,Sábado,1188.863745689,0.5880076691167521,4.802227075713004,-12.29163418825651,1.0917804635749102,57,4.214219406596252,4.214219406596252
T1,2025-10-13,2025-10-13,Segunda,1220.4690654586077,69.35364165711466,37.87796244769957,-8.514983238119575,1.114191583784907,58,-31.47567920941509,31.47567920941509
T1,2025-10-14,2025-10-13,Terça,1209.8315135019848,50.50365796898195,44.775811494790865,-9.311639982261893,1.1153533644310143,59,-5.727846474191082,5.727846474191082
T1,2025-10-15,2025-10-13,Quarta,1201.6316634282,100.0,49.14699338623529,-9.589215460718613,1.1133214787436327,60,-50.85300661376471,50.85300661376471
T1,2025-10-16,2025-10-13,Quinta,1208.7786572420002,65.26434499500434,51.4310887177972,-10.588696923339542,1.1159383969260341,61,-13.833256277207134,13.833256277207134
T1,2025-10-17,2025-10-13,Sexta,1245.9303571610965,7.799523489275995,9.700666867701264,-10.91574236374639,1.114374925930053,62,1.9011433784252691,1.9011433784252691
T1,2025-10-18,2025-10-13,Sábado,1250.30987248232,2.549109465057885,1.9953989573685558,-10.91565507368388,1.112821189031696,63,-0.5537105076893294,0.5537105076893294
T1,2025-10-19,2025-10-13,Domingo,1233.5665640033983,0.5880076691167521,2.438840457973431,-10.90939138583549,1.110369356704403,64,1.8508327888566791,1.8508327888566791
T1,2025-10-20,2025-10-20,Segunda,1239.220046210672,31.31326327738663,39.64102544884554,-10.534461384414925,1.1229862972435065,65,8.327762171458911,8.327762171458911
T1,2025-10-21,2025-10-20,Terça,1269.659194193545,26.53177467824086,30.4447407976695,-10.509627882070323,1.1213517043171424,66,3.9129661194286385,3.9129661194286385
T1,2025-10-22,2025-10-20,Quarta,1328.91396268755,16.16584628014855,18.804010524050238,-10.519109120375262,1.1195585523104665,67,2.638164243901688,2.638164243901688
T1,2025-10-23,2025-10-20,Quinta,1344.6312389389814,2.82428101763173,16.507740201859974,-10.571911733554005,1.1178035773622585,68,13.683459184228244,13.683459184228244
T1,2025-10-24,2025-10-20,Sexta,1365.4912605806614,1.844205871320722,2.674686972443057,-12.901219297261129,1.127495992197768,69,0.8304811011223352,0.8304811011223352
T1,2025-10-26,2025-10-20,Domingo,1354.1870996276002,0.6147352904402408,0.5824823986042842,-13.267276728217805,1.1262439473535888,70,-0.03225289183595659,0.03225289183595659
T1,2025-10-27,2025-10-27,Segunda,1352.4231544551155,12.19328250416855,11.610149212930674,-13.066725914476644,1.123988875193389,71,-0.5831332912378766,0.5831332912378766
T1,2025-10-28,2025-10-27,Terça,1330.7667762653148,16.47655487803411,14.555491143553034,-12.90484895108197,1.1223758536054433,72,-1.921063734481077,1.921063734481077
T1,2025-10-29,2025-10-27,Quarta,1342.8005121651584,19.46302177461891,13.229638182308339,-12.74910588163241,1.1209553006369954,73,-6.23338359231057,6.23338359231057
T1,2025-10-30,2025-10-27,Quinta,1341.1791828737496,8.468614743201815,14.078088563255497,-12.39164809221958,1.1208700651561188,74,5.609473820053681,5.609473820053681
T1,2025-10-31,2025-10-27,Sexta,1318.919594425694,8.14696118438429,4.151800826635093,-12.641331398725939,1.1203232527489377,75,-3.9951603577491968,3.9951603577491968
