dia_semana,contexto,preco_kg,volume_conservador_kg,volume_central_kg,volume_otimista_kg
Segunda,Segunda_a_Quinta,1201.6316634282,35.85292352886528,55.90558641995536,83.74023874685116
Segunda,Segunda_a_Quinta,1209.1712379795458,33.184598261877035,51.744857694721524,77.50793820009228
Segunda,Segunda_a_Quinta,1216.7108125308916,30.72963037767895,47.91681786701393,71.77396795431618
Segunda,Segunda_a_Quinta,1224.2503870822372,28.46979314379751,44.39304593047779,66.49575655987023
Segunda,Segunda_a_Quinta,1231.789961633583,26.388515399478546,41.14770241740902,61.63459941971515
Segunda,Segunda_a_Quinta,1239.3295361849289,24.47072233587909,38.15728112676222,57.15528690609051
Segunda,Segunda_a_Quinta,1246.8691107362747,22.702692429019223,35.40038603921263,53.025770204535654
Segunda,Segunda_a_Quinta,1254.4086852876205,21.07192880255471,32.857530732687025,49.216860861065406
Segunda,Segunda_a_Quinta,1261.9482598389661,19.567043490087457,30.510957912188164,45.701960458280155
Segunda,Segunda_a_Quinta,1269.487834390312,18.177653236885003,28.34447693305916,42.45681724361178
Segunda,Segunda_a_Quinta,1277.0274089416578,16.894285631208522,26.343317431241857,39.459306884022844
Segunda,Segunda_a_Quinta,1284.5669834930036,15.708294488453602,24.493997381477836,36.689234832130374
Segunda,Segunda_a_Quinta,1292.1065580443494,14.611783528974573,22.78420408787852,34.12815806355427
Segunda,Segunda_a_Quinta,1299.646132595695,13.59753749472936,21.20268677387366,31.759224188821257
Segunda,Segunda_a_Quinta,1307.1857071470408,12.658959942251718,19.73915958257993,29.567026158899523
Segunda,Segunda_a_Quinta,1314.7252816983867,11.790017031426068,18.38421392644508,27.537470974889494
Segunda,Segunda_a_Quinta,1322.2648562497325,10.985186702271681,17.129239238433474,25.657660982272464
Segunda,Segunda_a_Quinta,1329.8044308010783,10.239412696549646,15.966351277760408,23.91578648101794
Segunda,Segunda_a_Quinta,1337.344005352424,9.548062938437402,14.888327232735412,22.30102851699064
Segunda,Segunda_a_Quinta,1344.8835799037697,8.906891839584853,13.888546942907164,20.80347083937849
Segunda,Segunda_a_Quinta,1352.4231544551155,8.31200613932949,12.960939633593984,19.41402011505011
Terça,Segunda_a_Quinta,1201.6316634282,35.85292352886528,55.90558641995536,83.74023874685116
Terça,Segunda_a_Quinta,1209.1712379795458,33.184598261877035,51.744857694721524,77.50793820009228
Terça,Segunda_a_Quinta,1216.7108125308916,30.72963037767895,47.91681786701393,71.77396795431618
Terça,Segunda_a_Quinta,1224.2503870822372,28.46979314379751,44.39304593047779,66.49575655987023
Terça,Segunda_a_Quinta,1231.789961633583,26.388515399478546,41.14770241740902,61.63459941971515
Terça,Segunda_a_Quinta,1239.3295361849289,24.47072233587909,38.15728112676222,57.15528690609051
Terça,Segunda_a_Quinta,1246.8691107362747,22.702692429019223,35.40038603921263,53.025770204535654
Terça,Segunda_a_Quinta,1254.4086852876205,21.07192880255471,32.857530732687025,49.216860861065406
Terça,Segunda_a_Quinta,1261.9482598389661,19.567043490087457,30.510957912188164,45.701960458280155
Terça,Segunda_a_Quinta,1269.487834390312,18.177653236885003,28.34447693305916,42.45681724361178
Terça,Segunda_a_Quinta,1277.0274089416578,16.894285631208522,26.343317431241857,39.459306884022844
Terça,Segunda_a_Quinta,1284.5669834930036,15.708294488453602,24.493997381477836,36.689234832130374
Terça,Segunda_a_Quinta,1292.1065580443494,14.611783528974573,22.78420408787852,34.12815806355427
Terça,Segunda_a_Quinta,1299.646132595695,13.59753749472936,21.20268677387366,31.759224188821257
Terça,Segunda_a_Quinta,1307.1857071470408,12.658959942251718,19.73915958257993,29.567026158899523
Terça,Segunda_a_Quinta,1314.7252816983867,11.790017031426068,18.38421392644508,27.537470974889494
Terça,Segunda_a_Quinta,1322.2648562497325,10.985186702271681,17.129239238433474,25.657660982272464
Terça,Segunda_a_Quinta,1329.8044308010783,10.239412696549646,15.966351277760408,23.91578648101794
Terça,Segunda_a_Quinta,1337.344005352424,9.548062938437402,14.888327232735412,22.30102851699064
Terça,Segunda_a_Quinta,1344.8835799037697,8.906891839584853,13.888546942907164,20.80347083937849
Terça,Segunda_a_Quinta,1352.4231544551155,8.31200613932949,12.960939633593984,19.41402011505011
Quarta,Segunda_a_Quinta,1201.6316634282,35.85292352886528,55.90558641995536,83.74023874685116
Quarta,Segunda_a_Quinta,1209.1712379795458,33.184598261877035,51.744857694721524,77.50793820009228
Quarta,Segunda_a_Quinta,1216.7108125308916,30.72963037767895,47.91681786701393,71.77396795431618
Quarta,Segunda_a_Quinta,1224.2503870822372,28.46979314379751,44.39304593047779,66.49575655987023
Quarta,Segunda_a_Quinta,1231.789961633583,26.388515399478546,41.14770241740902,61.63459941971515
Quarta,Segunda_a_Quinta,1239.3295361849289,24.47072233587909,38.15728112676222,57.15528690609051
Quarta,Segunda_a_Quinta,1246.8691107362747,22.702692429019223,35.40038603921263,53.025770204535654
Quarta,Segunda_a_Quinta,1254.4086852876205,21.07192880255471,32.857530732687025,49.216860861065406
Quarta,Segunda_a_Quinta,1261.9482598389661,19.567043490087457,30.510957912188164,45.701960458280155
Quarta,Segunda_a_Quinta,1269.487834390312,18.177653236885003,28.34447693305916,42.45681724361178
Quarta,Segunda_a_Quinta,1277.0274089416578,16.894285631208522,26.343317431241857,39.459306884022844
Quarta,Segunda_a_Quinta,1284.5669834930036,15.708294488453602,24.493997381477836,36.689234832130374
Quarta,Segunda_a_Quinta,1292.1065580443494,14.611783528974573,22.78420408787852,34.12815806355427
Quarta,Segunda_a_Quinta,1299.646132595695,13.59753749472936,21.20268677387366,31.759224188821257
Quarta,Segunda_a_Quinta,1307.1857071470408,12.658959942251718,19.73915958257993,29.567026158899523
Quarta,Segunda_a_Quinta,1314.7252816983867,11.790017031426068,18.38421392644508,27.537470974889494
Quarta,Segunda_a_Quinta,1322.2648562497325,10.985186702271681,17.129239238433474,25.657660982272464
Quarta,Segunda_a_Quinta,1329.8044308010783,10.239412696549646,15.966351277760408,23.91578648101794
Quarta,Segunda_a_Quinta,1337.344005352424,9.548062938437402,14.888327232735412,22.30102851699064
Quarta,Segunda_a_Quinta,1344.8835799037697,8.906891839584853,13.888546942907164,20.80347083937849
Quarta,Segunda_a_Quinta,1352.4231544551155,8.31200613932949,12.960939633593984,19.41402011505011
Quinta,Segunda_a_Quinta,1201.6316634282,35.85292352886528,55.90558641995536,83.74023874685116
Quinta,Segunda_a_Quinta,1209.1712379795458,33.184598261877035,51.744857694721524,77.50793820009228
Quinta,Segunda_a_Quinta,1216.7108125308916,30.72963037767895,47.91681786701393,71.77396795431618
Quinta,Segunda_a_Quinta,1224.2503870822372,28.46979314379751,44.39304593047779,66.49575655987023
Quinta,Segunda_a_Quinta,1231.789961633583,26.388515399478546,41.14770241740902,61.63459941971515
Quinta,Segunda_a_Quinta,1239.3295361849289,24.47072233587909,38.15728112676222,57.15528690609051
Quinta,Segunda_a_Quinta,1246.8691107362747,22.702692429019223,35.40038603921263,53.025770204535654
Quinta,Segunda_a_Quinta,1254.4086852876205,21.07192880255471,32.857530732687025,49.216860861065406
Quinta,Segunda_a_Quinta,1261.9482598389661,19.567043490087457,30.510957912188164,45.701960458280155
Quinta,Segunda_a_Quinta,1269.487834390312,18.177653236885003,28.34447693305916,42.45681724361178
Quinta,Segunda_a_Quinta,1277.0274089416578,16.894285631208522,26.343317431241857,39.459306884022844
Quinta,Segunda_a_Quinta,1284.5669834930036,15.708294488453602,24.493997381477836,36.689234832130374
Quinta,Segunda_a_Quinta,1292.1065580443494,14.611783528974573,22.78420408787852,34.12815806355427
Quinta,Segunda_a_Quinta,1299.646132595695,13.59753749472936,21.20268677387366,31.759224188821257
Quinta,Segunda_a_Quinta,1307.1857071470408,12.658959942251718,19.73915958257993,29.567026158899523
Quinta,Segunda_a_Quinta,1314.7252816983867,11.790017031426068,18.38421392644508,27.537470974889494
Quinta,Segunda_a_Quinta,1322.2648562497325,10.985186702271681,17.129239238433474,25.657660982272464
Quinta,Segunda_a_Quinta,1329.8044308010783,10.239412696549646,15.966351277760408,23.91578648101794
Quinta,Segunda_a_Quinta,1337.344005352424,9.548062938437402,14.888327232735412,22.30102851699064
Quinta,Segunda_a_Quinta,1344.8835799037697,8.906891839584853,13.888546942907164,20.80347083937849
Quinta,Segunda_a_Quinta,1352.4231544551155,8.31200613932949,12.960939633593984,19.41402011505011
Sexta,Sexta,1208.368389539517,8.765805675668497,13.668550804429486,20.473941532215548
Sexta,Sexta,1216.2245330915741,8.090821007222749,12.61604489975597,18.897406853234514
Sexta,Sexta,1224.0806766436315,7.47166531586748,11.650593310219593,17.45126968191517
Sexta,Sexta,1231.9368201956886,6.903406093958127,10.764504759761142,16.12400935753807
Sexta,Sexta,1239.792963747746,6.381574094158555,9.950810335706558,14.905187237947708
Sexta,Sexta,1247.649107299803,5.902117271492444,9.20319167044995,13.785339123845041
Sexta,Sexta,1255.5052508518604,5.4613595548460445,8.515916653716681,12.755878963036375
Sexta,Sexta,1263.3613944039175,5.055963915596324,7.883781845348779,11.809012591305981
Sexta,Sexta,1271.2175379559749,4.682899262537552,7.302060854450608,10.937660410220916
Sexta,Sexta,1279.073681508032,4.339410746350886,6.766458035046618,10.135388028468972
Sexta,Sexta,1286.9298250600891,4.02299310444177,6.2730669225950315,9.396344004462055
Sexta,Sexta,1294.7859686121465,3.7313667188736077,5.818332901041834,8.715203925809947
Sexta,Sexta,1302.6421121642036,3.46245609705114,5.399019647676699,8.087120147513659
Sexta,Sexta,1310.498255716261,3.2143705173843413,5.012178953850415,7.507676586817055
Sexta,Sexta,1318.354399268318,2.985386610910608,4.655123564438733,6.972848039798873
Sexta,Sexta,1326.2105428203754,2.773932675256172,4.325402718548682,6.478963544120085
Sexta,Sexta,1334.0666863724325,2.5785745397678403,4.020780108970101,6.022673364777761
Sexta,Sexta,1341.9228299244899,2.398002820512221,3.739214008852282,5.600919226116768
Sexta,Sexta,1349.778973476547,2.2310214214261896,3.4788393415085332,5.210907454427085
Sexta,Sexta,1357.6351170286043,2.0765371534833696,3.237951493546914,4.850084731846344
Sexta,Sexta,1365.4912605806614,1.9335503575580641,3.0149916930698653,4.51611619455838
Sábado,Fim_de_semana,1188.863745689,2.105389567647646,3.2829411617447293,4.9174741610122625
Sábado,Fim_de_semana,1197.1299133859302,1.9325228259683207,3.013389459543682,4.513716230143324
Sábado,Fim_de_semana,1205.39608108286,1.7748956934073779,2.767600932021769,4.145552844443193
Sábado,Fim_de_semana,1213.6622487797902,1.6310736698803536,2.543338758285518,3.809633499469502
Sábado,Fim_de_semana,1221.92841647672,1.4997657384426673,2.3385898511927667,3.50294281860789
Sábado,Fim_de_semana,1230.1945841736501,1.379809179062343,2.1515411774164703,3.2227650832086616
Sábado,Fim_de_semana,1238.4607518705802,1.270156076892243,1.9805587197473973,2.9666527204981485
Sábado,Fim_de_semana,1246.72691956751,1.1698613263629902,1.8241687718351505,2.7323982852185904
Sábado,Fim_de_semana,1254.9930872644402,1.0780719568248849,1.6810412936250585,2.518009527957122
Sábado,Fim_de_semana,1263.25925496137,0.9940176267401281,1.5499750889195603,2.3216871928109444
Sábado,Fim_de_semana,1271.5254226583002,0.917002151986777,1.4298845954335575,2.14180523038589
Sábado,Fim_de_semana,1279.7915903552303,0.8463959500427006,1.3197881029845828,1.9768931499792501
Sábado,Fim_de_semana,1288.0577580521601,0.7816292959826703,1.2187972375459735,1.8256202678820586
Sábado,Fim_de_semana,1296.3239257490902,0.7221862986131581,1.1261075682132362,1.6867816376781988
Sábado,Fim_de_semana,1304.59009344602,0.6675995159188006,1.04099021105128,1.5592854737581836
Sábado,Fim_de_semana,1312.8562611429502,0.6174451385012343,0.9627843186141019,1.4421419014699903
Sábado,Fim_de_semana,1321.1224288398803,0.5713386780300773,0.8908903569316388,1.3344528868065568
Sábado,Fim_de_semana,1329.3885965368102,0.5289311050444396,0.8247640831704383,1.2354032156233208
Sábado,Fim_de_semana,1337.6547642337403,0.4899053868738325,0.7639111472018788,1.1442524073986338
Sábado,Fim_de_semana,1345.9209319306701,0.45397338210094706,0.7078822491273464,1.0603274617547476
Sábado,Fim_de_semana,1354.1870996276002,0.4208730529633976,0.6562687925667287,0.9830163475761189
Domingo,Fim_de_semana,1188.863745689,2.105389567647646,3.2829411617447293,4.9174741610122625
Domingo,Fim_de_semana,1197.1299133859302,1.9325228259683207,3.013389459543682,4.513716230143324
Domingo,Fim_de_semana,1205.39608108286,1.7748956934073779,2.767600932021769,4.145552844443193
Domingo,Fim_de_semana,1213.6622487797902,1.6310736698803536,2.543338758285518,3.809633499469502
Domingo,Fim_de_semana,1221.92841647672,1.4997657384426673,2.3385898511927667,3.50294281860789
Domingo,Fim_de_semana,1230.1945841736501,1.379809179062343,2.1515411774164703,3.2227650832086616
Domingo,Fim_de_semana,1238.4607518705802,1.270156076892243,1.9805587197473973,2.9666527204981485
Domingo,Fim_de_semana,1246.72691956751,1.1698613263629902,1.8241687718351505,2.7323982852185904
Domingo,Fim_de_semana,1254.9930872644402,1.0780719568248849,1.6810412936250585,2.518009527957122
Domingo,Fim_de_semana,1263.25925496137,0.9940176267401281,1.5499750889195603,2.3216871928109444
Domingo,Fim_de_semana,1271.5254226583002,0.917002151986777,1.4298845954335575,2.14180523038589
Domingo,Fim_de_semana,1279.7915903552303,0.8463959500427006,1.3197881029845828,1.9768931499792501
Domingo,Fim_de_semana,1288.0577580521601,0.7816292959826703,1.2187972375459735,1.8256202678820586
Domingo,Fim_de_semana,1296.3239257490902,0.7221862986131581,1.1261075682132362,1.6867816376781988
Domingo,Fim_de_semana,1304.59009344602,0.6675995159188006,1.04099021105128,1.5592854737581836
Domingo,Fim_de_semana,1312.8562611429502,0.6174451385012343,0.9627843186141019,1.4421419014699903
Domingo,Fim_de_semana,1321.1224288398803,0.5713386780300773,0.8908903569316388,1.3344528868065568
Domingo,Fim_de_semana,1329.3885965368102,0.5289311050444396,0.8247640831704383,1.2354032156233208
Domingo,Fim_de_semana,1337.6547642337403,0.4899053868738325,0.7639111472018788,1.1442524073986338
Domingo,Fim_de_semana,1345.9209319306701,0.45397338210094706,0.7078822491273464,1.0603274617547476
Domingo,Fim_de_semana,1354.1870996276002,0.4208730529633976,0.6562687925667287,0.9830163475761189
