Fold,Código,Treino início,Treino fim,Validação início,Validação fim,N treino,N validação,Parâmetros,WMAPE treino,WMAPE validação,Gap WMAPE,MAE validação,RMSE validação,Elasticidade-base,Previsões não positivas
1,CAL0_SEM_CALENDARIO,2025-08-01,2025-09-19,2025-09-22,2025-10-05,39,13,2,0.48291681943215947,0.8912338401337199,0.4083170207015604,10.1950896249037,12.562855474024982,-7.639957685112746,0
1,CAL1_UTIL_FDS,2025-08-01,2025-09-19,2025-09-22,2025-10-05,39,13,3,0.4097226438309845,0.5554865006026353,0.14576385677165077,6.354375702585849,8.905458810715345,-3.5367815185167464,0
1,CAL2_SETE_DIAS,2025-08-01,2025-09-19,2025-09-22,2025-10-05,39,13,8,0.2335147775768291,0.4752054118505316,0.24169063427370252,5.436016391981415,6.730667584559338,-5.059348580959661,0
1,CAL3_SEGQUI_SEX_FDS,2025-08-01,2025-09-19,2025-09-22,2025-10-05,39,13,4,0.2816306144219766,0.47056125716755476,0.18893064274557814,5.3828905218755825,7.530262170255442,-6.639664856159806,0
1,CAL4_SEG_TERQUI_SEX_FDS,2025-08-01,2025-09-19,2025-09-22,2025-10-05,39,13,5,0.24496058151730773,0.465703986980909,0.22074340546360124,5.3273267599814025,6.900737391886778,-6.596034236527897,0
2,CAL0_SEM_CALENDARIO,2025-08-01,2025-10-05,2025-10-06,2025-10-19,52,13,2,0.5312498996297889,0.7688902362980912,0.2376403366683023,31.36789193112801,36.82112686655269,-3.2085412438597,0
2,CAL1_UTIL_FDS,2025-08-01,2025-10-05,2025-10-06,2025-10-19,52,13,3,0.4292420967655453,0.6341749189386529,0.20493282217310754,25.872002769179804,33.57000277702702,-3.797056493833578,0
2,CAL2_SETE_DIAS,2025-08-01,2025-10-05,2025-10-06,2025-10-19,52,13,8,0.24979182288599236,0.44147102669419125,0.1916792038081989,18.010393164491663,25.32416977250432,-8.866729283314305,0
2,CAL3_SEGQUI_SEX_FDS,2025-08-01,2025-10-05,2025-10-06,2025-10-19,52,13,4,0.2950654180060021,0.4372735173582381,0.142208099352236,17.83915023147693,24.739786263013816,-8.06623093381632,0
2,CAL4_SEG_TERQUI_SEX_FDS,2025-08-01,2025-10-05,2025-10-06,2025-10-19,52,13,5,0.2597598699609369,0.4393746401785416,0.1796147702176047,17.924868309883838,25.203521877648313,-8.71657339934676,0
3,CAL0_SEM_CALENDARIO,2025-08-01,2025-10-19,2025-10-20,2025-10-31,65,11,2,0.6126471100326853,0.5014531539931346,-0.11119395603955073,6.566416976740871,7.895112206328947,-6.1239127909892375,0
3,CAL1_UTIL_FDS,2025-08-01,2025-10-19,2025-10-20,2025-10-31,65,11,3,0.467427582051899,0.3313316652627467,-0.13609591678915228,4.338714103975723,5.835269518308239,-9.454981160981848,0
3,CAL2_SETE_DIAS,2025-08-01,2025-10-19,2025-10-20,2025-10-31,65,11,8,0.2886201382567648,0.42007360147946105,0.13145346322269624,5.500769924907435,7.580856331650903,-11.031731025653883,0
3,CAL3_SEGQUI_SEX_FDS,2025-08-01,2025-10-19,2025-10-20,2025-10-31,65,11,4,0.3089296233252729,0.29870508717987276,-0.010224536145400143,3.911476356021946,5.276225278001716,-10.875994379752253,0
3,CAL4_SEG_TERQUI_SEX_FDS,2025-08-01,2025-10-19,2025-10-20,2025-10-31,65,11,5,0.29303242710406774,0.37119661084269123,0.0781641837386235,4.860736656528224,7.296876158108278,-11.356101613345107,0
