Código,Família,Calendário,Início do mês,Tendência,Interações de preço,Parâmetros,Inclinação-base,p-valor inclinação-base,R² na escala de ajuste,BIC na escala de ajuste,AICc na escala de ajuste,Smearing,MAE,RMSE,MAPE,WMAPE,sMAPE,Viés (%),Previsão mínima,Previsões não positivas,Forma exibida,Estrutura exibida,Válido para demanda
elasticidade-constante | C3-segqui-sex-fds,power,grouped,False,False,False,4,-8.06623093381632,0.01994407254825002,0.8067792336420758,75.71247760344846,68.75856655890999,1.0917859499310785,11.200088881220436,18.515984291092572,0.8513023893747729,0.39858280893573245,0.49830123425407763,-0.29932858620525493,1.1913633955785747,0,elasticidade-constante,C3-segqui-sex-fds,True
exponencial | C3-segqui-sex-fds,exponential,grouped,False,False,False,4,-0.006334610857259273,0.019874590901209806,0.8068040121494768,75.70580872911736,68.75189768457889,1.0917899034318472,11.258587784598406,18.6569791682043,0.8411812430027706,0.40066463681007614,0.49791869836764074,-0.30409336196781594,1.1739419686843673,0,exponencial,C3-segqui-sex-fds,True
elasticidade-constante | C4-seg-terqui-sex-fds,power,grouped4,False,False,False,5,-8.71657339934676,0.00814579392553481,0.8332124128623958,72.01388001582765,63.56200924900746,1.0806308989140752,11.967641665470941,19.0192611380105,0.852349152468672,0.4258980693767435,0.5252145305650762,-0.2831037904630276,1.1345957310290105,0,elasticidade-constante,C4-seg-terqui-sex-fds,True
exponencial | C4-seg-terqui-sex-fds,exponential,grouped4,False,False,False,5,-0.0068446575191933,0.008115901328637879,0.8332360105689567,72.00652234865163,63.554651581831436,1.0806467785650185,12.041212173132713,19.164907409830246,0.8425775486371304,0.4285162574920026,0.5257926046952718,-0.28813533638917155,1.1167487806380099,0,exponencial,C4-seg-terqui-sex-fds,True
elasticidade-constante | C2-sete-dias,power,weekday,False,False,False,8,-8.866729283314305,0.005018751081683596,0.8615692578040333,74.17736305573567,61.916250516386576,1.0671174757900828,12.361185105415998,19.212141848773477,0.9502557950684681,0.4399032841027216,0.5315669496140688,-0.2852735666179052,0.7203613373371264,0,elasticidade-constante,C2-sete-dias,True
exponencial | C2-sete-dias,exponential,weekday,False,False,False,8,-0.006963499636397407,0.004972322686053666,0.8616227140244521,74.1572789309023,61.8961663915532,1.0671194732445097,12.433340140231849,19.353883550127293,0.9380985174050798,0.44247109912283095,0.5322636596276795,-0.2904196706129346,0.7090128214097737,0,exponencial,C2-sete-dias,True
exponencial | C1-util-fds,exponential,weekend,False,False,False,3,-0.0030377155944239335,0.4472481110779083,0.5406587502105884,116.79115362980939,111.4374224740651,1.1957702938700465,16.854894382633614,25.252651467125336,1.2733088121900704,0.5998230209234874,0.7136884052115361,-0.37974047991296794,1.661751821672928,0,exponencial,C1-util-fds,True
elasticidade-constante | C1-util-fds,power,weekend,False,False,False,3,-3.797056493833578,0.45574706931606723,0.5404570161690818,116.81398603881817,111.46025488307389,1.1958246298276944,16.890464327159652,25.26127175143911,1.2837643875875806,0.6010888651996564,0.7157064491866544,-0.37825673719978886,1.6806745363636255,0,elasticidade-constante,C1-util-fds,True
linear | C0-sem-calendario,linear,none,False,False,False,2,-0.056979446231446615,0.4074458766423564,0.013766944335700027,409.7892133167725,406.1316238387933,1.0,20.14670507878651,27.458205518384187,4.960264777277897,0.7169702299922729,0.8817378031321838,-0.3468503998016079,12.893694363739097,0,linear,C0-sem-calendario,True
exponencial | C0-sem-calendario,exponential,none,False,False,False,2,-0.002532513142360189,0.6631226945002943,0.003825838604417209,153.09460260842255,149.43701313044338,1.3957787426130102,20.399413163297453,27.759861386120612,5.011040782711456,0.7259634709596753,0.8910198550165208,-0.3445219177567911,14.290724089317168,0,exponencial,C0-sem-calendario,True
elasticidade-constante | C0-sem-calendario,power,none,False,False,False,2,-3.2085412438597,0.6647703140745197,0.0037861549567435038,153.09667404197128,149.4390845639921,1.3957942655087445,20.407231303585515,27.746551386438306,5.031508529616367,0.7262416987799826,0.8910573835055166,-0.34278163945644563,14.41368231078652,0,elasticidade-constante,C0-sem-calendario,True
linear | C3-segqui-sex-fds,linear,grouped,False,False,False,4,-0.10425575079961794,0.027065981455479605,0.5848066954958118,372.7039794988026,365.7500684542641,1.0,14.293727743684215,21.782053023723215,2.2582160629831662,0.5086775841389086,0.7501617087061909,-0.3577890614977522,-6.0861248666962595,2,linear,C3-segqui-sex-fds,False
linear | C4-seg-terqui-sex-fds,linear,grouped4,False,False,False,5,-0.11592577118263139,0.006231812270637093,0.683169587315982,362.59559057568765,354.14371980886744,1.0,14.441653888023902,21.95300234044864,2.4191964913095347,0.5139419011234646,0.7650960482769618,-0.35451157232944347,-6.994174595274252,2,linear,C4-seg-terqui-sex-fds,False
linear | C2-sete-dias,linear,weekday,False,False,False,8,-0.10946564554167568,0.009415381111056536,0.7116911040879996,369.5439436248689,357.2828310855198,1.0,15.205833817245454,22.405958221439487,2.507286884733574,0.5411371301927758,0.8030689409885848,-0.35632587865618975,-7.677078864940363,2,linear,C2-sete-dias,False
linear | C1-util-fds,linear,weekend,False,False,False,3,-0.06103484515306741,0.31163544570993756,0.25966396967805416,398.8274543444791,393.4737231887348,1.0,17.24221358320058,25.378181313468943,1.9088877789008716,0.6136067307273958,0.7978832326757735,-0.3786272199436761,-2.723086041149248,1,linear,C1-util-fds,False
