dia_semana,contexto,inicio_mes,preco_kg,volume_conservador_kg,volume_central_kg,volume_otimista_kg
Segunda,Segunda_a_Quinta,0,1201.6316634282,30.28073232063261,58.58490084712146,92.80424993440943
Segunda,Segunda_a_Quinta,0,1206.6580464624305,28.72992789493275,55.58452019083866,88.05135162276676
Segunda,Segunda_a_Quinta,0,1211.684429496661,27.264504386024534,52.74932815983447,83.56012835443744
Segunda,Segunda_a_Quinta,0,1216.7108125308916,25.879435723336204,50.06960068789479,79.31517625131866
Segunda,Segunda_a_Quinta,0,1221.737195565122,24.570010700813995,47.536222885174574,75.30205643064248
Segunda,Segunda_a_Quinta,0,1226.7635785993525,23.33181207126684,45.14064859149625,71.50723093341894
Segunda,Segunda_a_Quinta,0,1231.789961633583,22.16069710651232,42.87486276557107,67.91800314526037
Segunda,Segunda_a_Quinta,0,1236.8163446678136,21.05277951514791,40.731346500852496,64.52246237804938
Segunda,Segunda_a_Quinta,0,1241.8427277020442,20.00441261813317,38.7030444749083,61.30943230654005
Segunda,Segunda_a_Quinta,0,1246.8691107362747,19.01217369009272,36.78333465414234,58.26842297765495
Segunda,Segunda_a_Quinta,0,1251.8954937705053,18.072849381305467,34.96600008934729,55.38958613186438
Segunda,Segunda_a_Quinta,0,1256.9218768047358,17.183422141873844,33.24520265020062,52.66367359604234
Segunda,Segunda_a_Quinta,0,1261.9482598389661,16.341057575542212,31.615458558376215,50.08199852550698
Segunda,Segunda_a_Quinta,0,1266.9746428731967,15.54309265614841,30.071615589614403,47.63639928985527
Segunda,Segunda_a_Quinta,0,1272.0010259074272,14.78702474476183,28.608831824900367,45.3192058127379
Segunda,Segunda_a_Quinta,0,1277.0274089416578,14.070501350232162,27.222555839938106,43.12320819003596
Segunda,Segunda_a_Quinta,0,1282.0537919758883,13.391310580173151,25.90850823042653,41.04162742407966
Segunda,Segunda_a_Quinta,0,1287.0801750101189,12.747372233367402,24.662664378309085,39.068088123691204
Segunda,Segunda_a_Quinta,0,1292.1065580443494,12.136729488233817,23.481238371240913,37.196593031037935
Segunda,Segunda_a_Quinta,0,1297.1329410785797,11.557541145364103,22.360667994027466,35.42149924659361
Segunda,Segunda_a_Quinta,0,1302.1593241128103,11.008074385239887,21.29760071679611,33.73749603302296
Segunda,Segunda_a_Quinta,0,1307.1857071470408,10.486698005111437,20.288880610213887,32.139584087598536
Segunda,Segunda_a_Quinta,0,1312.2120901812714,9.99187610165655,19.331536123167385,30.623056180842543
Segunda,Segunda_a_Quinta,0,1317.238473215502,9.522162168486577,18.422768663057973,29.18347906659031
Segunda,Segunda_a_Quinta,0,1322.2648562497325,9.076193579813786,17.55994192321312,27.816676575559246
Segunda,Segunda_a_Quinta,0,1327.291239283963,8.652686433680541,16.740571905951093,26.51871381090121
Segunda,Segunda_a_Quinta,0,1332.3176223181936,8.25043073007355,15.9623175935563,25.285882370109125
Segunda,Segunda_a_Quinta,0,1337.344005352424,7.868285861023404,15.22297222286048,24.11468652309465
Segunda,Segunda_a_Quinta,0,1342.3703883866544,7.505176391435276,14.520455122308835,23.001830281297412
Segunda,Segunda_a_Quinta,0,1347.396771420885,7.1600881109158445,13.852804073329443,21.944205297342204
Segunda,Segunda_a_Quinta,0,1352.4231544551155,6.83206433826751,13.218168160544494,20.93887953906979
Segunda,Segunda_a_Quinta,1,1201.6316634282,25.990139738638202,50.28378255414466,79.65446141113723
Segunda,Segunda_a_Quinta,1,1206.6580464624305,24.659074713378743,47.70853728926173,75.57501940903742
Segunda,Segunda_a_Quinta,1,1211.684429496661,23.401292656804802,45.275074442609764,71.72017471422244
Segunda,Segunda_a_Quinta,1,1216.7108125308916,22.21247966147476,42.975047788045515,68.07670608289382
Segunda,Segunda_a_Quinta,1,1221.737195565122,21.088592070109186,40.80063395926904,64.63222053271434
Segunda,Segunda_a_Quinta,1,1226.7635785993525,20.02583853213766,38.74449773416969,61.375098349794584
Segunda,Segunda_a_Quinta,1,1231.789961633583,19.02066331835193,36.79975975326241,58.294441951518436
Segunda,Segunda_a_Quinta,1,1236.8163446678136,18.069730800817133,34.95996649257829,55.380028320645835
Segunda,Segunda_a_Quinta,1,1241.8427277020442,17.169911012370015,33.21906232525956,52.62226474812899
Segunda,Segunda_a_Quinta,1,1246.8691107362747,16.31826620666245,31.571363518934874,50.0121476423953
Segunda,Segunda_a_Quinta,1,1251.8954937705053,15.512038345764715,30.011534027668002,47.54122418141097
Segunda,Segunda_a_Quinta,1,1256.9218768047358,14.748637447946006,28.534562948113273,45.20155660101211
Segunda,Segunda_a_Quinta,1,1261.9482598389661,14.025630733378566,27.135743519434026,42.98568892870836
Segunda,Segunda_a_Quinta,1,1266.9746428731967,13.340732510245278,25.81065355569846,40.886615986671714
Segunda,Segunda_a_Quinta,1,1272.0010259074272,12.691794748081307,24.555137207884624,38.89775450095705
Segunda,Segunda_a_Quinta,1,1277.0274089416578,12.07679828918984,23.365287960383508,37.012916166289315
Segunda,Segunda_a_Quinta,1,1282.0537919758883,11.493844652662393,22.237432774029287,35.22628252706246
Segunda,Segunda_a_Quinta,1,1287.0801750101189,10.941148388934796,21.16811729426485,33.532381545617554
Segunda,Segunda_a_Quinta,1,1292.1065580443494,10.41702994594742,20.154092049121054,31.926065738483274
Segunda,Segunda_a_Quinta,1,1297.1329410785797,9.919909010866295,19.192299567275704,30.402491770113272
Segunda,Segunda_a_Quinta,1,1302.1593241128103,9.448298293986944,18.279862351614618,28.957101401823035
Segunda,Segunda_a_Quinta,1,1307.1857071470408,9.000797723905599,17.41407164848217,27.58560370117719
Segunda,Segunda_a_Quinta,1,1312.2120901812714,8.576089025306239,16.592376957188332,26.283958424016028
Segunda,Segunda_a_Quinta,1,1317.238473215502,8.172930652813552,15.812376228405514,25.04836048775121
Segunda,Segunda_a_Quinta,1,1322.2648562497325,7.790153056290519,15.071806703819695,23.875225460471462
Segunda,Segunda_a_Quinta,1,1327.291239283963,7.426654254750143,14.368536352865199,22.761175995887488
Segunda,Segunda_a_Quinta,1,1332.3176223181936,7.081395697701098,13.70055586556515,21.703029149203047
Segunda,Segunda_a_Quinta,1,1337.344005352424,6.753398394272295,13.06597116345058,20.6977845136736
Segunda,Segunda_a_Quinta,1,1342.3703883866544,6.441739291873776,12.462996393263825,19.74261312194282
Segunda,Segunda_a_Quinta,1,1347.396771420885,6.145547887455354,11.889947370674653,18.834847060243536
Segunda,Segunda_a_Quinta,1,1352.4231544551155,5.8640030556311755,11.34523544357241,17.971969747248405
Terça,Segunda_a_Quinta,0,1201.6316634282,30.28073232063261,58.58490084712146,92.80424993440943
Terça,Segunda_a_Quinta,0,1206.6580464624305,28.72992789493275,55.58452019083866,88.05135162276676
Terça,Segunda_a_Quinta,0,1211.684429496661,27.264504386024534,52.74932815983447,83.56012835443744
Terça,Segunda_a_Quinta,0,1216.7108125308916,25.879435723336204,50.06960068789479,79.31517625131866
Terça,Segunda_a_Quinta,0,1221.737195565122,24.570010700813995,47.536222885174574,75.30205643064248
Terça,Segunda_a_Quinta,0,1226.7635785993525,23.33181207126684,45.14064859149625,71.50723093341894
Terça,Segunda_a_Quinta,0,1231.789961633583,22.16069710651232,42.87486276557107,67.91800314526037
Terça,Segunda_a_Quinta,0,1236.8163446678136,21.05277951514791,40.731346500852496,64.52246237804938
Terça,Segunda_a_Quinta,0,1241.8427277020442,20.00441261813317,38.7030444749083,61.30943230654005
Terça,Segunda_a_Quinta,0,1246.8691107362747,19.01217369009272,36.78333465414234,58.26842297765495
Terça,Segunda_a_Quinta,0,1251.8954937705053,18.072849381305467,34.96600008934729,55.38958613186438
Terça,Segunda_a_Quinta,0,1256.9218768047358,17.183422141873844,33.24520265020062,52.66367359604234
Terça,Segunda_a_Quinta,0,1261.9482598389661,16.341057575542212,31.615458558376215,50.08199852550698
Terça,Segunda_a_Quinta,0,1266.9746428731967,15.54309265614841,30.071615589614403,47.63639928985527
Terça,Segunda_a_Quinta,0,1272.0010259074272,14.78702474476183,28.608831824900367,45.3192058127379
Terça,Segunda_a_Quinta,0,1277.0274089416578,14.070501350232162,27.222555839938106,43.12320819003596
Terça,Segunda_a_Quinta,0,1282.0537919758883,13.391310580173151,25.90850823042653,41.04162742407966
Terça,Segunda_a_Quinta,0,1287.0801750101189,12.747372233367402,24.662664378309085,39.068088123691204
Terça,Segunda_a_Quinta,0,1292.1065580443494,12.136729488233817,23.481238371240913,37.196593031037935
Terça,Segunda_a_Quinta,0,1297.1329410785797,11.557541145364103,22.360667994027466,35.42149924659361
Terça,Segunda_a_Quinta,0,1302.1593241128103,11.008074385239887,21.29760071679611,33.73749603302296
Terça,Segunda_a_Quinta,0,1307.1857071470408,10.486698005111437,20.288880610213887,32.139584087598536
Terça,Segunda_a_Quinta,0,1312.2120901812714,9.99187610165655,19.331536123167385,30.623056180842543
Terça,Segunda_a_Quinta,0,1317.238473215502,9.522162168486577,18.422768663057973,29.18347906659031
Terça,Segunda_a_Quinta,0,1322.2648562497325,9.076193579813786,17.55994192321312,27.816676575559246
Terça,Segunda_a_Quinta,0,1327.291239283963,8.652686433680541,16.740571905951093,26.51871381090121
Terça,Segunda_a_Quinta,0,1332.3176223181936,8.25043073007355,15.9623175935563,25.285882370109125
Terça,Segunda_a_Quinta,0,1337.344005352424,7.868285861023404,15.22297222286048,24.11468652309465
Terça,Segunda_a_Quinta,0,1342.3703883866544,7.505176391435276,14.520455122308835,23.001830281297412
Terça,Segunda_a_Quinta,0,1347.396771420885,7.1600881109158445,13.852804073329443,21.944205297342204
Terça,Segunda_a_Quinta,0,1352.4231544551155,6.83206433826751,13.218168160544494,20.93887953906979
Terça,Segunda_a_Quinta,1,1201.6316634282,25.990139738638202,50.28378255414466,79.65446141113723
Terça,Segunda_a_Quinta,1,1206.6580464624305,24.659074713378743,47.70853728926173,75.57501940903742
Terça,Segunda_a_Quinta,1,1211.684429496661,23.401292656804802,45.275074442609764,71.72017471422244
Terça,Segunda_a_Quinta,1,1216.7108125308916,22.21247966147476,42.975047788045515,68.07670608289382
Terça,Segunda_a_Quinta,1,1221.737195565122,21.088592070109186,40.80063395926904,64.63222053271434
Terça,Segunda_a_Quinta,1,1226.7635785993525,20.02583853213766,38.74449773416969,61.375098349794584
Terça,Segunda_a_Quinta,1,1231.789961633583,19.02066331835193,36.79975975326241,58.294441951518436
Terça,Segunda_a_Quinta,1,1236.8163446678136,18.069730800817133,34.95996649257829,55.380028320645835
Terça,Segunda_a_Quinta,1,1241.8427277020442,17.169911012370015,33.21906232525956,52.62226474812899
Terça,Segunda_a_Quinta,1,1246.8691107362747,16.31826620666245,31.571363518934874,50.0121476423953
Terça,Segunda_a_Quinta,1,1251.8954937705053,15.512038345764715,30.011534027668002,47.54122418141097
Terça,Segunda_a_Quinta,1,1256.9218768047358,14.748637447946006,28.534562948113273,45.20155660101211
Terça,Segunda_a_Quinta,1,1261.9482598389661,14.025630733378566,27.135743519434026,42.98568892870836
Terça,Segunda_a_Quinta,1,1266.9746428731967,13.340732510245278,25.81065355569846,40.886615986671714
Terça,Segunda_a_Quinta,1,1272.0010259074272,12.691794748081307,24.555137207884624,38.89775450095705
Terça,Segunda_a_Quinta,1,1277.0274089416578,12.07679828918984,23.365287960383508,37.012916166289315
Terça,Segunda_a_Quinta,1,1282.0537919758883,11.493844652662393,22.237432774029287,35.22628252706246
Terça,Segunda_a_Quinta,1,1287.0801750101189,10.941148388934796,21.16811729426485,33.532381545617554
Terça,Segunda_a_Quinta,1,1292.1065580443494,10.41702994594742,20.154092049121054,31.926065738483274
Terça,Segunda_a_Quinta,1,1297.1329410785797,9.919909010866295,19.192299567275704,30.402491770113272
Terça,Segunda_a_Quinta,1,1302.1593241128103,9.448298293986944,18.279862351614618,28.957101401823035
Terça,Segunda_a_Quinta,1,1307.1857071470408,9.000797723905599,17.41407164848217,27.58560370117719
Terça,Segunda_a_Quinta,1,1312.2120901812714,8.576089025306239,16.592376957188332,26.283958424016028
Terça,Segunda_a_Quinta,1,1317.238473215502,8.172930652813552,15.812376228405514,25.04836048775121
Terça,Segunda_a_Quinta,1,1322.2648562497325,7.790153056290519,15.071806703819695,23.875225460471462
Terça,Segunda_a_Quinta,1,1327.291239283963,7.426654254750143,14.368536352865199,22.761175995887488
Terça,Segunda_a_Quinta,1,1332.3176223181936,7.081395697701098,13.70055586556515,21.703029149203047
Terça,Segunda_a_Quinta,1,1337.344005352424,6.753398394272295,13.06597116345058,20.6977845136736
Terça,Segunda_a_Quinta,1,1342.3703883866544,6.441739291873776,12.462996393263825,19.74261312194282
Terça,Segunda_a_Quinta,1,1347.396771420885,6.145547887455354,11.889947370674653,18.834847060243536
Terça,Segunda_a_Quinta,1,1352.4231544551155,5.8640030556311755,11.34523544357241,17.971969747248405
Quarta,Segunda_a_Quinta,0,1201.6316634282,30.28073232063261,58.58490084712146,92.80424993440943
Quarta,Segunda_a_Quinta,0,1206.6580464624305,28.72992789493275,55.58452019083866,88.05135162276676
Quarta,Segunda_a_Quinta,0,1211.684429496661,27.264504386024534,52.74932815983447,83.56012835443744
Quarta,Segunda_a_Quinta,0,1216.7108125308916,25.879435723336204,50.06960068789479,79.31517625131866
Quarta,Segunda_a_Quinta,0,1221.737195565122,24.570010700813995,47.536222885174574,75.30205643064248
Quarta,Segunda_a_Quinta,0,1226.7635785993525,23.33181207126684,45.14064859149625,71.50723093341894
Quarta,Segunda_a_Quinta,0,1231.789961633583,22.16069710651232,42.87486276557107,67.91800314526037
Quarta,Segunda_a_Quinta,0,1236.8163446678136,21.05277951514791,40.731346500852496,64.52246237804938
Quarta,Segunda_a_Quinta,0,1241.8427277020442,20.00441261813317,38.7030444749083,61.30943230654005
Quarta,Segunda_a_Quinta,0,1246.8691107362747,19.01217369009272,36.78333465414234,58.26842297765495
Quarta,Segunda_a_Quinta,0,1251.8954937705053,18.072849381305467,34.96600008934729,55.38958613186438
Quarta,Segunda_a_Quinta,0,1256.9218768047358,17.183422141873844,33.24520265020062,52.66367359604234
Quarta,Segunda_a_Quinta,0,1261.9482598389661,16.341057575542212,31.615458558376215,50.08199852550698
Quarta,Segunda_a_Quinta,0,1266.9746428731967,15.54309265614841,30.071615589614403,47.63639928985527
Quarta,Segunda_a_Quinta,0,1272.0010259074272,14.78702474476183,28.608831824900367,45.3192058127379
Quarta,Segunda_a_Quinta,0,1277.0274089416578,14.070501350232162,27.222555839938106,43.12320819003596
Quarta,Segunda_a_Quinta,0,1282.0537919758883,13.391310580173151,25.90850823042653,41.04162742407966
Quarta,Segunda_a_Quinta,0,1287.0801750101189,12.747372233367402,24.662664378309085,39.068088123691204
Quarta,Segunda_a_Quinta,0,1292.1065580443494,12.136729488233817,23.481238371240913,37.196593031037935
Quarta,Segunda_a_Quinta,0,1297.1329410785797,11.557541145364103,22.360667994027466,35.42149924659361
Quarta,Segunda_a_Quinta,0,1302.1593241128103,11.008074385239887,21.29760071679611,33.73749603302296
Quarta,Segunda_a_Quinta,0,1307.1857071470408,10.486698005111437,20.288880610213887,32.139584087598536
Quarta,Segunda_a_Quinta,0,1312.2120901812714,9.99187610165655,19.331536123167385,30.623056180842543
Quarta,Segunda_a_Quinta,0,1317.238473215502,9.522162168486577,18.422768663057973,29.18347906659031
Quarta,Segunda_a_Quinta,0,1322.2648562497325,9.076193579813786,17.55994192321312,27.816676575559246
Quarta,Segunda_a_Quinta,0,1327.291239283963,8.652686433680541,16.740571905951093,26.51871381090121
Quarta,Segunda_a_Quinta,0,1332.3176223181936,8.25043073007355,15.9623175935563,25.285882370109125
Quarta,Segunda_a_Quinta,0,1337.344005352424,7.868285861023404,15.22297222286048,24.11468652309465
Quarta,Segunda_a_Quinta,0,1342.3703883866544,7.505176391435276,14.520455122308835,23.001830281297412
Quarta,Segunda_a_Quinta,0,1347.396771420885,7.1600881109158445,13.852804073329443,21.944205297342204
Quarta,Segunda_a_Quinta,0,1352.4231544551155,6.83206433826751,13.218168160544494,20.93887953906979
Quarta,Segunda_a_Quinta,1,1201.6316634282,25.990139738638202,50.28378255414466,79.65446141113723
Quarta,Segunda_a_Quinta,1,1206.6580464624305,24.659074713378743,47.70853728926173,75.57501940903742
Quarta,Segunda_a_Quinta,1,1211.684429496661,23.401292656804802,45.275074442609764,71.72017471422244
Quarta,Segunda_a_Quinta,1,1216.7108125308916,22.21247966147476,42.975047788045515,68.07670608289382
Quarta,Segunda_a_Quinta,1,1221.737195565122,21.088592070109186,40.80063395926904,64.63222053271434
Quarta,Segunda_a_Quinta,1,1226.7635785993525,20.02583853213766,38.74449773416969,61.375098349794584
Quarta,Segunda_a_Quinta,1,1231.789961633583,19.02066331835193,36.79975975326241,58.294441951518436
Quarta,Segunda_a_Quinta,1,1236.8163446678136,18.069730800817133,34.95996649257829,55.380028320645835
Quarta,Segunda_a_Quinta,1,1241.8427277020442,17.169911012370015,33.21906232525956,52.62226474812899
Quarta,Segunda_a_Quinta,1,1246.8691107362747,16.31826620666245,31.571363518934874,50.0121476423953
Quarta,Segunda_a_Quinta,1,1251.8954937705053,15.512038345764715,30.011534027668002,47.54122418141097
Quarta,Segunda_a_Quinta,1,1256.9218768047358,14.748637447946006,28.534562948113273,45.20155660101211
Quarta,Segunda_a_Quinta,1,1261.9482598389661,14.025630733378566,27.135743519434026,42.98568892870836
Quarta,Segunda_a_Quinta,1,1266.9746428731967,13.340732510245278,25.81065355569846,40.886615986671714
Quarta,Segunda_a_Quinta,1,1272.0010259074272,12.691794748081307,24.555137207884624,38.89775450095705
Quarta,Segunda_a_Quinta,1,1277.0274089416578,12.07679828918984,23.365287960383508,37.012916166289315
Quarta,Segunda_a_Quinta,1,1282.0537919758883,11.493844652662393,22.237432774029287,35.22628252706246
Quarta,Segunda_a_Quinta,1,1287.0801750101189,10.941148388934796,21.16811729426485,33.532381545617554
Quarta,Segunda_a_Quinta,1,1292.1065580443494,10.41702994594742,20.154092049121054,31.926065738483274
Quarta,Segunda_a_Quinta,1,1297.1329410785797,9.919909010866295,19.192299567275704,30.402491770113272
Quarta,Segunda_a_Quinta,1,1302.1593241128103,9.448298293986944,18.279862351614618,28.957101401823035
Quarta,Segunda_a_Quinta,1,1307.1857071470408,9.000797723905599,17.41407164848217,27.58560370117719
Quarta,Segunda_a_Quinta,1,1312.2120901812714,8.576089025306239,16.592376957188332,26.283958424016028
Quarta,Segunda_a_Quinta,1,1317.238473215502,8.172930652813552,15.812376228405514,25.04836048775121
Quarta,Segunda_a_Quinta,1,1322.2648562497325,7.790153056290519,15.071806703819695,23.875225460471462
Quarta,Segunda_a_Quinta,1,1327.291239283963,7.426654254750143,14.368536352865199,22.761175995887488
Quarta,Segunda_a_Quinta,1,1332.3176223181936,7.081395697701098,13.70055586556515,21.703029149203047
Quarta,Segunda_a_Quinta,1,1337.344005352424,6.753398394272295,13.06597116345058,20.6977845136736
Quarta,Segunda_a_Quinta,1,1342.3703883866544,6.441739291873776,12.462996393263825,19.74261312194282
Quarta,Segunda_a_Quinta,1,1347.396771420885,6.145547887455354,11.889947370674653,18.834847060243536
Quarta,Segunda_a_Quinta,1,1352.4231544551155,5.8640030556311755,11.34523544357241,17.971969747248405
Quinta,Segunda_a_Quinta,0,1201.6316634282,30.28073232063261,58.58490084712146,92.80424993440943
Quinta,Segunda_a_Quinta,0,1206.6580464624305,28.72992789493275,55.58452019083866,88.05135162276676
Quinta,Segunda_a_Quinta,0,1211.684429496661,27.264504386024534,52.74932815983447,83.56012835443744
Quinta,Segunda_a_Quinta,0,1216.7108125308916,25.879435723336204,50.06960068789479,79.31517625131866
Quinta,Segunda_a_Quinta,0,1221.737195565122,24.570010700813995,47.536222885174574,75.30205643064248
Quinta,Segunda_a_Quinta,0,1226.7635785993525,23.33181207126684,45.14064859149625,71.50723093341894
Quinta,Segunda_a_Quinta,0,1231.789961633583,22.16069710651232,42.87486276557107,67.91800314526037
Quinta,Segunda_a_Quinta,0,1236.8163446678136,21.05277951514791,40.731346500852496,64.52246237804938
Quinta,Segunda_a_Quinta,0,1241.8427277020442,20.00441261813317,38.7030444749083,61.30943230654005
Quinta,Segunda_a_Quinta,0,1246.8691107362747,19.01217369009272,36.78333465414234,58.26842297765495
Quinta,Segunda_a_Quinta,0,1251.8954937705053,18.072849381305467,34.96600008934729,55.38958613186438
Quinta,Segunda_a_Quinta,0,1256.9218768047358,17.183422141873844,33.24520265020062,52.66367359604234
Quinta,Segunda_a_Quinta,0,1261.9482598389661,16.341057575542212,31.615458558376215,50.08199852550698
Quinta,Segunda_a_Quinta,0,1266.9746428731967,15.54309265614841,30.071615589614403,47.63639928985527
Quinta,Segunda_a_Quinta,0,1272.0010259074272,14.78702474476183,28.608831824900367,45.3192058127379
Quinta,Segunda_a_Quinta,0,1277.0274089416578,14.070501350232162,27.222555839938106,43.12320819003596
Quinta,Segunda_a_Quinta,0,1282.0537919758883,13.391310580173151,25.90850823042653,41.04162742407966
Quinta,Segunda_a_Quinta,0,1287.0801750101189,12.747372233367402,24.662664378309085,39.068088123691204
Quinta,Segunda_a_Quinta,0,1292.1065580443494,12.136729488233817,23.481238371240913,37.196593031037935
Quinta,Segunda_a_Quinta,0,1297.1329410785797,11.557541145364103,22.360667994027466,35.42149924659361
Quinta,Segunda_a_Quinta,0,1302.1593241128103,11.008074385239887,21.29760071679611,33.73749603302296
Quinta,Segunda_a_Quinta,0,1307.1857071470408,10.486698005111437,20.288880610213887,32.139584087598536
Quinta,Segunda_a_Quinta,0,1312.2120901812714,9.99187610165655,19.331536123167385,30.623056180842543
Quinta,Segunda_a_Quinta,0,1317.238473215502,9.522162168486577,18.422768663057973,29.18347906659031
Quinta,Segunda_a_Quinta,0,1322.2648562497325,9.076193579813786,17.55994192321312,27.816676575559246
Quinta,Segunda_a_Quinta,0,1327.291239283963,8.652686433680541,16.740571905951093,26.51871381090121
Quinta,Segunda_a_Quinta,0,1332.3176223181936,8.25043073007355,15.9623175935563,25.285882370109125
Quinta,Segunda_a_Quinta,0,1337.344005352424,7.868285861023404,15.22297222286048,24.11468652309465
Quinta,Segunda_a_Quinta,0,1342.3703883866544,7.505176391435276,14.520455122308835,23.001830281297412
Quinta,Segunda_a_Quinta,0,1347.396771420885,7.1600881109158445,13.852804073329443,21.944205297342204
Quinta,Segunda_a_Quinta,0,1352.4231544551155,6.83206433826751,13.218168160544494,20.93887953906979
Quinta,Segunda_a_Quinta,1,1201.6316634282,25.990139738638202,50.28378255414466,79.65446141113723
Quinta,Segunda_a_Quinta,1,1206.6580464624305,24.659074713378743,47.70853728926173,75.57501940903742
Quinta,Segunda_a_Quinta,1,1211.684429496661,23.401292656804802,45.275074442609764,71.72017471422244
Quinta,Segunda_a_Quinta,1,1216.7108125308916,22.21247966147476,42.975047788045515,68.07670608289382
Quinta,Segunda_a_Quinta,1,1221.737195565122,21.088592070109186,40.80063395926904,64.63222053271434
Quinta,Segunda_a_Quinta,1,1226.7635785993525,20.02583853213766,38.74449773416969,61.375098349794584
Quinta,Segunda_a_Quinta,1,1231.789961633583,19.02066331835193,36.79975975326241,58.294441951518436
Quinta,Segunda_a_Quinta,1,1236.8163446678136,18.069730800817133,34.95996649257829,55.380028320645835
Quinta,Segunda_a_Quinta,1,1241.8427277020442,17.169911012370015,33.21906232525956,52.62226474812899
Quinta,Segunda_a_Quinta,1,1246.8691107362747,16.31826620666245,31.571363518934874,50.0121476423953
Quinta,Segunda_a_Quinta,1,1251.8954937705053,15.512038345764715,30.011534027668002,47.54122418141097
Quinta,Segunda_a_Quinta,1,1256.9218768047358,14.748637447946006,28.534562948113273,45.20155660101211
Quinta,Segunda_a_Quinta,1,1261.9482598389661,14.025630733378566,27.135743519434026,42.98568892870836
Quinta,Segunda_a_Quinta,1,1266.9746428731967,13.340732510245278,25.81065355569846,40.886615986671714
Quinta,Segunda_a_Quinta,1,1272.0010259074272,12.691794748081307,24.555137207884624,38.89775450095705
Quinta,Segunda_a_Quinta,1,1277.0274089416578,12.07679828918984,23.365287960383508,37.012916166289315
Quinta,Segunda_a_Quinta,1,1282.0537919758883,11.493844652662393,22.237432774029287,35.22628252706246
Quinta,Segunda_a_Quinta,1,1287.0801750101189,10.941148388934796,21.16811729426485,33.532381545617554
Quinta,Segunda_a_Quinta,1,1292.1065580443494,10.41702994594742,20.154092049121054,31.926065738483274
Quinta,Segunda_a_Quinta,1,1297.1329410785797,9.919909010866295,19.192299567275704,30.402491770113272
Quinta,Segunda_a_Quinta,1,1302.1593241128103,9.448298293986944,18.279862351614618,28.957101401823035
Quinta,Segunda_a_Quinta,1,1307.1857071470408,9.000797723905599,17.41407164848217,27.58560370117719
Quinta,Segunda_a_Quinta,1,1312.2120901812714,8.576089025306239,16.592376957188332,26.283958424016028
Quinta,Segunda_a_Quinta,1,1317.238473215502,8.172930652813552,15.812376228405514,25.04836048775121
Quinta,Segunda_a_Quinta,1,1322.2648562497325,7.790153056290519,15.071806703819695,23.875225460471462
Quinta,Segunda_a_Quinta,1,1327.291239283963,7.426654254750143,14.368536352865199,22.761175995887488
Quinta,Segunda_a_Quinta,1,1332.3176223181936,7.081395697701098,13.70055586556515,21.703029149203047
Quinta,Segunda_a_Quinta,1,1337.344005352424,6.753398394272295,13.06597116345058,20.6977845136736
Quinta,Segunda_a_Quinta,1,1342.3703883866544,6.441739291873776,12.462996393263825,19.74261312194282
Quinta,Segunda_a_Quinta,1,1347.396771420885,6.145547887455354,11.889947370674653,18.834847060243536
Quinta,Segunda_a_Quinta,1,1352.4231544551155,5.8640030556311755,11.34523544357241,17.971969747248405
Sexta,Sexta,0,1208.368389539517,7.3723334537851475,14.263440521470724,22.594693853513483
Sexta,Sexta,0,1213.6058185742218,6.9815024410555635,13.507289848286991,21.39687675307432
Sexta,Sexta,0,1218.8432476089267,6.612941618329268,12.79422587655335,20.267313229109714
Sexta,Sexta,0,1224.0806766436315,6.265294356715864,12.121623901946645,19.201845491600604
Sexta,Sexta,0,1229.3181056783362,5.937291962843967,11.487029351222711,18.19658525490445
Sexta,Sexta,0,1234.5555347130412,5.62774763865444,10.888146096075142,17.24789522575714
Sexta,Sexta,0,1239.792963747746,5.335550879271205,10.32282561455386,16.352371933893117
Sexta,Sexta,0,1245.0303927824507,5.059662275510221,9.789056935347414,15.506829802798624
Sexta,Sexta,0,1250.2678218171554,4.799108690264647,9.284957305412998,14.708286366319028
Sexta,Sexta,0,1255.5052508518604,4.552978780460005,8.808763526189543,13.953948544367487
Sexta,Sexta,0,1260.7426798865652,4.320418838521664,8.358823907979366,13.241199897873503
Sexta,Sexta,0,1265.98010892127,4.10062892935883,7.933590796073125,12.567588789429125
Sexta,Sexta,0,1271.2175379559749,3.8928593007611556,7.531613625853098,11.930817381888902
Sexta,Sexta,0,1276.4549669906796,3.6964070468389134,7.151532467466251,11.328731412496568
Sexta,Sexta,0,1281.6923960253844,3.510613005730592,6.7920720237404435,10.75931068499349
Sexta,Sexta,0,1286.9298250600891,3.334858874263988,6.452036047846058,10.220660226645164
Sexta,Sexta,0,1292.167254094794,3.1685645235996245,6.130302149803243,9.71100206123744
Sexta,Sexta,0,1297.4046831294988,3.011185501120134,5.825816963323935,9.228667552878544
Sexta,Sexta,0,1302.6421121642036,2.862210704962452,5.537591646670312,8.77209027891596
Sexta,Sexta,0,1307.8795411989086,2.7211602186333494,5.264697693230546,8.33979939347602
Sexta,Sexta,0,1313.1169702336133,2.5875832941072403,5.0062630293669725,7.930413446071305
Sexta,Sexta,0,1318.354399268318,2.461056472688007,4.761468378799804,7.54263462242654
Sexta,Sexta,0,1323.591828303023,2.3411818337288826,4.529543874361066,7.175243377163312
Sexta,Sexta,0,1328.8292573377278,2.227585362051736,4.309765899399283,6.827093430274158
Sexta,Sexta,0,1334.0666863724325,2.1199154255959725,4.101454142448188,6.49710710142787
Sexta,Sexta,0,1339.3041154071375,2.017841355461682,3.903968850000195,6.184270958092245
Sexta,Sexta,0,1344.5415444418422,1.9210521210964167,3.7167082633566477,5.887631755252564
Sexta,Sexta,0,1349.778973476547,1.8292550939137515,3.5391062265692956,5.6062926461554214
Sexta,Sexta,0,1355.0164025112517,1.7421748931289607,3.370629953449299,5.3394096450311785
Sexta,Sexta,0,1360.2538315459567,1.659552308055697,3.210777942507284,5.086188324153759
Sexta,Sexta,0,1365.4912605806614,1.581143291530337,3.059078029505888,4.8458807288921815
Sexta,Sexta,1,1208.368389539517,6.327719377287181,12.242399172565124,19.39316540916131
Sexta,Sexta,1,1213.6058185742218,5.9922667030427705,11.593390375439045,18.365071587251588
Sexta,Sexta,1,1218.8432476089267,5.67592867054687,10.981363160518683,17.395560231956352
Sexta,Sexta,1,1224.0806766436315,5.37754087683652,10.40406472785822,16.481062686399834
Sexta,Sexta,1,1229.3181056783362,5.096014394548316,9.859388302068636,15.618241610978641
Sexta,Sexta,1,1234.5555347130412,4.830330587571613,9.34536310203045,14.803975094399354
Sexta,Sexta,1,1239.792963747746,4.579536302706417,8.860145038072304,14.035341917093659
Sexta,Sexta,1,1245.0303927824507,4.342739408624697,8.40200808108625,13.309607879047357
Sexta,Sexta,1,1250.2678218171554,4.119104655731962,7.969336252496944,12.624213111123078
Sexta,Sexta,1,1255.5052508518604,3.907849832633701,7.5606161880797815,11.976760295416177
Sexta,Sexta,1,1260.7426798865652,3.7082421968411996,7.174430232356908,11.365003726098278
Sexta,Sexta,1,1265.98010892127,3.5195951591210326,6.809450023724084,10.78683914762673
Sexta,Sexta,1,1271.2175379559749,3.341265202516281,6.464430533602896,10.240294312174942
Sexta,Sexta,1,1276.4549669906796,3.1726490185566045,6.138204525793741,9.72352020270211
Sexta,Sexta,1,1281.6923960253844,3.013180844541496,5.829677404850205,9.234782872271097
Sexta,Sexta,1,1286.9298250600891,2.862329987036059,5.537822424723534,8.77245585406964
Sexta,Sexta,1,1292.167254094794,2.719598517871161,5.261676231155689,8.33501310012214
Sexta,Sexta,1,1297.4046831294988,2.5845191299996464,5.000334713349979,7.92102240992759
Sexta,Sexta,1,1302.6421121642036,2.4566531415329447,4.752949142330064,7.529139313240114
Sexta,Sexta,1,1307.8795411989086,2.335588637178194,4.518722575131217,7.158101373953943
Sexta,Sexta,1,1313.1169702336133,2.220938737118625,4.296906505559293,6.806722884575947
Sexta,Sexta,1,1318.354399268318,2.112339984137644,4.0867977437187895,6.473889923090899
Sexta,Sexta,1,1323.591828303023,2.0094508404842855,3.8877355078603104,6.158555746161582
Sexta,Sexta,1,1328.8292573377278,1.9119502866190943,3.699098713338681,5.859736494571583
Sexta,Sexta,1,1334.0666863724325,1.819536514570759,3.520303444616887,5.576507188630673
Sexta,Sexta,1,1339.3041154071375,1.7319257091783768,3.350800597304576,5.307997992931681
Sexta,Sexta,1,1344.5415444418422,1.6488509109960685,3.190073678190769,5.053390731385752
Sexta,Sexta,1,1349.778973476547,1.57006095509915,3.03763675212525,4.81191563488036
Sexta,Sexta,1,1355.0164025112517,1.4953194804577565,2.8930325254285885,4.582848305212115
Sexta,Sexta,1,1360.2538315459567,1.4244040049374216,2.755830556272299,4.365506880152777
Sexta,Sexta,1,1365.4912605806614,1.3571050613489686,2.6256255831726536,4.159249385618906
Sábado,Fim_de_semana,0,1188.863745689,1.77159339442338,3.4275466740607796,5.429571333259662
Sábado,Fim_de_semana,0,1194.37452415362,1.6713552221276928,3.23361333972599,5.1223618412237375
Sábado,Fim_de_semana,0,1199.88530261824,1.5772114304558575,3.051470958159199,4.833830379052566
Sábado,Fim_de_semana,0,1205.39608108286,1.4887660097179771,2.880353359369157,4.562763258059609
Sábado,Fim_de_semana,0,1210.90685954748,1.405650323502399,2.719547333140318,4.308030683056307
Sábado,Fim_de_semana,0,1216.4176380121,1.3275211041497386,2.5683887508255894,4.0685806088900325
Sábado,Fim_de_semana,0,1221.92841647672,1.2540586031759857,2.426258986923005,3.8434330718692857
Sábado,Fim_de_semana,0,1227.43919494134,1.1849648840420801,2.2925816160537207,3.6316749574516978
Sábado,Fim_de_semana,0,1232.9499734059602,1.1199622457427083,2.1668193630392785,3.4324551688661855
Sábado,Fim_de_semana,0,1238.4607518705802,1.0587917666664006,2.0484712856708005,3.244980164342034
Sábado,Fim_de_semana,0,1243.9715303352002,1.0012119590715334,1.9370701714895846,3.068509833353103
Sábado,Fim_de_semana,0,1249.4823087998202,0.946997525335947,1.8321801314716948,2.9023536847773435
Sábado,Fim_de_semana,0,1254.9930872644402,0.8959382078796543,1.7333943749442542,2.7458673221451746
Sábado,Fim_de_semana,0,1260.5038657290602,0.8478377253365376,1.6403331513698465,2.5984491832233667
Sábado,Fim_de_semana,0,1266.0146441936802,0.8025127881683772,1.552641845830007,2.4595375230734158
Sábado,Fim_de_semana,0,1271.5254226583002,0.759792187478306,1.4699892161295043,2.328607621451187
Sábado,Fim_de_semana,0,1277.0362011229201,0.7195159512953156,1.392065760438574,2.2051691969915286
Sábado,Fim_de_semana,0,1282.5469795875401,0.681534563072196,1.3185822053010605,2.08876401206433
Sábado,Fim_de_semana,0,1288.0577580521601,0.6457082375688733,1.2492681046675456,1.9789636535050887
Sábado,Fim_de_semana,0,1293.5685365167801,0.6119062496865538,1.1838705413737423,1.8753674756288623
Sábado,Fim_de_semana,0,1299.0793149814,0.5800063121775734,1.1221529231799579,1.7776006930382617
Sábado,Fim_de_semana,0,1304.59009344602,0.5498939984849408,1.0638938661241197,1.6853126117447235
Sábado,Fim_de_semana,0,1310.10087191064,0.5214622072669856,1.0088861585240292,1.5981749880460987
Sábado,Fim_de_semana,0,1315.61165037526,0.494610665438318,0.9569357994981034,1.515880505448861
Sábado,Fim_de_semana,0,1321.1224288398803,0.4692454668112038,0.9078611063631395,1.4381413606983002
Sábado,Fim_de_semana,0,1326.6332073045003,0.4452786436530587,0.8614918857157344,1.364687950689892
Sábado,Fim_de_semana,0,1332.1439857691203,0.42262776868821067,0.8176686634149983,1.2952676526861184
Sábado,Fim_de_semana,0,1337.6547642337403,0.40121558526692636,0.7762419690611904,1.229643690860192
Sábado,Fim_de_semana,0,1343.1655426983602,0.3809696636033802,0.7370716709105987,1.1675940827357556
Sábado,Fim_de_semana,0,1348.6763211629802,0.3618220811483497,0.7000263574844863,1.1089106595945797
Sábado,Fim_de_semana,0,1354.1870996276002,0.3437091253130584,0.6649827624213712,1.053398155385957
Sábado,Fim_de_semana,1,1188.863745689,1.5205695619765016,2.941884498574214,4.660234639575408
Sábado,Fim_de_semana,1,1194.37452415362,1.434534519048049,2.7754303188677723,4.3965548334694855
Sábado,Fim_de_semana,1,1199.88530261824,1.3537303206829707,2.6190963868107966,4.148906495859345
Sábado,Fim_de_semana,1,1205.39608108286,1.2778170693163955,2.472225093963527,3.9162479102426113
Sábado,Fim_de_semana,1,1210.90685954748,1.2064783620373847,2.334204287589074,3.6976093664248344
Sábado,Fim_de_semana,1,1216.4176380121,1.1394195700918954,2.204463941964165,3.4920878875480406
Sábado,Fim_de_semana,1,1221.92841647672,1.0763662513794972,2.0824730869962744,3.298842364717926
Sábado,Fim_de_semana,1,1227.43919494134,1.017062685126945,1.9677369732194236,3.1170890660781305
Sábado,Fim_de_semana,1,1232.9499734059602,0.9612705188447018,1.8597944540266433,2.946097490008769
Sábado,Fim_de_semana,1,1238.4607518705802,0.9087675185130552,1.7582155676233555,2.785186534702562
Sábado,Fim_de_semana,1,1243.9715303352002,0.8593464137105529,1.6625993026680663,2.633720958719747
Sábado,Fim_de_semana,1,1249.4823087998202,0.8128138300953627,1.5725715329169763,2.4911081092618286
Sábado,Fim_de_semana,1,1254.9930872644402,0.7689893022868219,1.4877831074208772,2.356794896855467
Sábado,Fim_de_semana,1,1260.5038657290602,0.7277043607750308,1.4079080839459837,2.2302649969171786
Sábado,Fim_de_semana,1,1266.0146441936802,0.6888016870162847,1.3326420943156367,2.111036260293677
Sábado,Fim_de_semana,1,1271.5254226583002,0.6521343313560329,1.2617008313060136,1.9986583163557348
Sábado,Fim_de_semana,1,1277.0362011229201,0.6175649888626528,1.1948186475833662,1.8927103535768468
Sábado,Fim_de_semana,1,1282.5469795875401,0.5849653285594001,1.1317472579520602,1.7927990637663795
Sábado,Fim_de_semana,1,1288.0577580521601,0.5542153719106027,1.072254536896051,1.6985567372568988
Sábado,Fim_de_semana,1,1293.5685365167801,0.525202916755856,1.0161234040497604,1.6096394973803267
Sábado,Fim_de_semana,1,1299.0793149814,0.49782300319454137,0.9631507908313076,1.525725663513257
Sábado,Fim_de_semana,1,1304.59009344602,0.4719774182054371,0.9131466820175056,1.446514232837404
Sábado,Fim_de_semana,1,1310.10087191064,0.4475742360449137,0.8659332265405927,1.371723471754093
Sábado,Fim_de_semana,1,1315.61165037526,0.4245273917039187,0.8213439122446421,1.3010896086171775
Sábado,Fim_de_semana,1,1321.1224288398803,0.4027562849210152,0.7792227997595446,1.234365620114013
Sábado,Fim_de_semana,1,1326.6332073045003,0.3821854124475317,0.739423811035066,1.1713201042333674
Sábado,Fim_de_semana,1,1332.1439857691203,0.3627440264432145,0.7018100684302524,1.1117362333179797
Sábado,Fim_de_semana,1,1337.6547642337403,0.34436581704801633,0.6662532805770177,1.0554107812120297
Sábado,Fim_de_semana,1,1343.1655426983602,0.3269886173290204,0.6326331715334748,1.00215321898382
Sábado,Fim_de_semana,1,1348.6763211629802,0.31055412894234913,0.6008369500150715,0.9517848741356488
Sábado,Fim_de_semana,1,1354.1870996276002,0.29500766697920044,0.5707588157417461,0.9041381486091078
Domingo,Fim_de_semana,0,1188.863745689,1.77159339442338,3.4275466740607796,5.429571333259662
Domingo,Fim_de_semana,0,1194.37452415362,1.6713552221276928,3.23361333972599,5.1223618412237375
Domingo,Fim_de_semana,0,1199.88530261824,1.5772114304558575,3.051470958159199,4.833830379052566
Domingo,Fim_de_semana,0,1205.39608108286,1.4887660097179771,2.880353359369157,4.562763258059609
Domingo,Fim_de_semana,0,1210.90685954748,1.405650323502399,2.719547333140318,4.308030683056307
Domingo,Fim_de_semana,0,1216.4176380121,1.3275211041497386,2.5683887508255894,4.0685806088900325
Domingo,Fim_de_semana,0,1221.92841647672,1.2540586031759857,2.426258986923005,3.8434330718692857
Domingo,Fim_de_semana,0,1227.43919494134,1.1849648840420801,2.2925816160537207,3.6316749574516978
Domingo,Fim_de_semana,0,1232.9499734059602,1.1199622457427083,2.1668193630392785,3.4324551688661855
Domingo,Fim_de_semana,0,1238.4607518705802,1.0587917666664006,2.0484712856708005,3.244980164342034
Domingo,Fim_de_semana,0,1243.9715303352002,1.0012119590715334,1.9370701714895846,3.068509833353103
Domingo,Fim_de_semana,0,1249.4823087998202,0.946997525335947,1.8321801314716948,2.9023536847773435
Domingo,Fim_de_semana,0,1254.9930872644402,0.8959382078796543,1.7333943749442542,2.7458673221451746
Domingo,Fim_de_semana,0,1260.5038657290602,0.8478377253365376,1.6403331513698465,2.5984491832233667
Domingo,Fim_de_semana,0,1266.0146441936802,0.8025127881683772,1.552641845830007,2.4595375230734158
Domingo,Fim_de_semana,0,1271.5254226583002,0.759792187478306,1.4699892161295043,2.328607621451187
Domingo,Fim_de_semana,0,1277.0362011229201,0.7195159512953156,1.392065760438574,2.2051691969915286
Domingo,Fim_de_semana,0,1282.5469795875401,0.681534563072196,1.3185822053010605,2.08876401206433
Domingo,Fim_de_semana,0,1288.0577580521601,0.6457082375688733,1.2492681046675456,1.9789636535050887
Domingo,Fim_de_semana,0,1293.5685365167801,0.6119062496865538,1.1838705413737423,1.8753674756288623
Domingo,Fim_de_semana,0,1299.0793149814,0.5800063121775734,1.1221529231799579,1.7776006930382617
Domingo,Fim_de_semana,0,1304.59009344602,0.5498939984849408,1.0638938661241197,1.6853126117447235
Domingo,Fim_de_semana,0,1310.10087191064,0.5214622072669856,1.0088861585240292,1.5981749880460987
Domingo,Fim_de_semana,0,1315.61165037526,0.494610665438318,0.9569357994981034,1.515880505448861
Domingo,Fim_de_semana,0,1321.1224288398803,0.4692454668112038,0.9078611063631395,1.4381413606983002
Domingo,Fim_de_semana,0,1326.6332073045003,0.4452786436530587,0.8614918857157344,1.364687950689892
Domingo,Fim_de_semana,0,1332.1439857691203,0.42262776868821067,0.8176686634149983,1.2952676526861184
Domingo,Fim_de_semana,0,1337.6547642337403,0.40121558526692636,0.7762419690611904,1.229643690860192
Domingo,Fim_de_semana,0,1343.1655426983602,0.3809696636033802,0.7370716709105987,1.1675940827357556
Domingo,Fim_de_semana,0,1348.6763211629802,0.3618220811483497,0.7000263574844863,1.1089106595945797
Domingo,Fim_de_semana,0,1354.1870996276002,0.3437091253130584,0.6649827624213712,1.053398155385957
Domingo,Fim_de_semana,1,1188.863745689,1.5205695619765016,2.941884498574214,4.660234639575408
Domingo,Fim_de_semana,1,1194.37452415362,1.434534519048049,2.7754303188677723,4.3965548334694855
Domingo,Fim_de_semana,1,1199.88530261824,1.3537303206829707,2.6190963868107966,4.148906495859345
Domingo,Fim_de_semana,1,1205.39608108286,1.2778170693163955,2.472225093963527,3.9162479102426113
Domingo,Fim_de_semana,1,1210.90685954748,1.2064783620373847,2.334204287589074,3.6976093664248344
Domingo,Fim_de_semana,1,1216.4176380121,1.1394195700918954,2.204463941964165,3.4920878875480406
Domingo,Fim_de_semana,1,1221.92841647672,1.0763662513794972,2.0824730869962744,3.298842364717926
Domingo,Fim_de_semana,1,1227.43919494134,1.017062685126945,1.9677369732194236,3.1170890660781305
Domingo,Fim_de_semana,1,1232.9499734059602,0.9612705188447018,1.8597944540266433,2.946097490008769
Domingo,Fim_de_semana,1,1238.4607518705802,0.9087675185130552,1.7582155676233555,2.785186534702562
Domingo,Fim_de_semana,1,1243.9715303352002,0.8593464137105529,1.6625993026680663,2.633720958719747
Domingo,Fim_de_semana,1,1249.4823087998202,0.8128138300953627,1.5725715329169763,2.4911081092618286
Domingo,Fim_de_semana,1,1254.9930872644402,0.7689893022868219,1.4877831074208772,2.356794896855467
Domingo,Fim_de_semana,1,1260.5038657290602,0.7277043607750308,1.4079080839459837,2.2302649969171786
Domingo,Fim_de_semana,1,1266.0146441936802,0.6888016870162847,1.3326420943156367,2.111036260293677
Domingo,Fim_de_semana,1,1271.5254226583002,0.6521343313560329,1.2617008313060136,1.9986583163557348
Domingo,Fim_de_semana,1,1277.0362011229201,0.6175649888626528,1.1948186475833662,1.8927103535768468
Domingo,Fim_de_semana,1,1282.5469795875401,0.5849653285594001,1.1317472579520602,1.7927990637663795
Domingo,Fim_de_semana,1,1288.0577580521601,0.5542153719106027,1.072254536896051,1.6985567372568988
Domingo,Fim_de_semana,1,1293.5685365167801,0.525202916755856,1.0161234040497604,1.6096394973803267
Domingo,Fim_de_semana,1,1299.0793149814,0.49782300319454137,0.9631507908313076,1.525725663513257
Domingo,Fim_de_semana,1,1304.59009344602,0.4719774182054371,0.9131466820175056,1.446514232837404
Domingo,Fim_de_semana,1,1310.10087191064,0.4475742360449137,0.8659332265405927,1.371723471754093
Domingo,Fim_de_semana,1,1315.61165037526,0.4245273917039187,0.8213439122446421,1.3010896086171775
Domingo,Fim_de_semana,1,1321.1224288398803,0.4027562849210152,0.7792227997595446,1.234365620114013
Domingo,Fim_de_semana,1,1326.6332073045003,0.3821854124475317,0.739423811035066,1.1713201042333674
Domingo,Fim_de_semana,1,1332.1439857691203,0.3627440264432145,0.7018100684302524,1.1117362333179797
Domingo,Fim_de_semana,1,1337.6547642337403,0.34436581704801633,0.6662532805770177,1.0554107812120297
Domingo,Fim_de_semana,1,1343.1655426983602,0.3269886173290204,0.6326331715334748,1.00215321898382
Domingo,Fim_de_semana,1,1348.6763211629802,0.31055412894234913,0.6008369500150715,0.9517848741356488
Domingo,Fim_de_semana,1,1354.1870996276002,0.29500766697920044,0.5707588157417461,0.9041381486091078
