date,weekday,week,context,price,support_lower,support_upper,at_lower_support,absolute_change,variation_slack,at_variation_limit
2025-11-03,Segunda,semana_1,Segunda_a_Quinta,1316.919594425694,1201.6316634282,1352.4231544551155,False,2.0,0.0,True
2025-11-04,Terça,semana_1,Segunda_a_Quinta,1314.919594425694,1201.6316634282,1352.4231544551155,False,2.0,0.0,True
2025-11-05,Quarta,semana_1,Segunda_a_Quinta,1312.919594425694,1201.6316634282,1352.4231544551155,False,2.0,0.0,True
2025-11-06,Quinta,semana_1,Segunda_a_Quinta,1310.919594425694,1201.6316634282,1352.4231544551155,False,2.0,0.0,True
2025-11-07,Sexta,semana_1,Sexta,1308.919594425694,1208.368389539517,1365.4912605806614,False,2.0,0.0,True
2025-11-10,Segunda,semana_2,Segunda_a_Quinta,1306.919594425694,1201.6316634282,1352.4231544551155,False,2.0,0.0,True
2025-11-11,Terça,semana_2,Segunda_a_Quinta,1304.919594425694,1201.6316634282,1352.4231544551155,False,2.0,0.0,True
2025-11-12,Quarta,semana_2,Segunda_a_Quinta,1302.919594425694,1201.6316634282,1352.4231544551155,False,2.0,0.0,True
2025-11-13,Quinta,semana_2,Segunda_a_Quinta,1300.919594425694,1201.6316634282,1352.4231544551155,False,2.0,0.0,True
2025-11-14,Sexta,semana_2,Sexta,1298.919594425694,1208.368389539517,1365.4912605806614,False,2.0,0.0,True
