salto_inicial_max_rs,variacao_diaria_max_rs,deficit_total_kg
10.0,20.0,0.0
20.0,16.09865625,0.0
30.0,10.0,0.0
41.475609375,2.0,0.0
10.0,16.09865625,6.628728649251485
30.0,5.0,6.880452755879318
2.0,20.0,7.064164176076019
20.0,10.0,8.057604772024021
30.0,2.0,13.759256370869949
2.0,16.09865625,14.712413682135747
20.0,5.0,16.843276750917525
10.0,10.0,17.90859504006508
2.0,10.0,25.086585478137238
10.0,5.0,27.32138968490399
20.0,2.0,33.6844999149715
2.0,5.0,42.354160913268316
10.0,2.0,51.64901690230454
2.0,2.0,64.74803768843083
