fator_meta,variacao_rs,viavel,deficit_total_kg
0.8,0.0,False,34.144992596099854
0.8,1.0,False,26.61347905923745
0.8,2.0,False,18.54803768843084
0.8,5.0,False,6.88186901436103
0.8,10.0,True,0.0
0.8,inf,True,0.0
0.9,0.0,False,57.24499259609985
0.9,1.0,False,49.71347905923744
0.9,2.0,False,41.64803768843083
0.9,5.0,False,18.431869014361027
0.9,10.0,False,6.358595040065083
0.9,inf,True,0.0
1.0,0.0,False,80.34499259609984
1.0,1.0,False,72.81347905923744
1.0,2.0,False,64.74803768843083
1.0,5.0,False,36.86232177024034
1.0,10.0,False,17.90859504006508
1.0,inf,True,0.0
1.1,0.0,False,103.4449925960999
1.1,1.0,False,95.91347905923749
1.1,2.0,False,87.84803768843088
1.1,5.0,False,59.96232177024039
1.1,10.0,False,29.458595040065106
1.1,inf,True,0.0
1.2,0.0,False,126.54499259609986
1.2,1.0,False,119.01347905923745
1.2,2.0,False,110.94803768843084
1.2,5.0,False,83.06232177024036
1.2,10.0,False,41.00859504006509
1.2,inf,True,0.0
