politica,cenario_demanda,cenario_custo,imposto,margem_total_rs,volume_minimo_semanal_kg,meta_atendida
sem_ligacao_inicial,conservador,baixo,0.0,49669.132909829656,111.26357766873039,False
sem_ligacao_inicial,conservador,baixo,0.05,36185.23097360365,111.26357766873039,False
sem_ligacao_inicial,conservador,baixo,0.07,30791.67019911326,111.26357766873039,False
sem_ligacao_inicial,conservador,baixo,0.1,22701.329037377705,111.26357766873039,False
sem_ligacao_inicial,conservador,central,0.0,49633.71659456758,111.26357766873039,False
sem_ligacao_inicial,conservador,central,0.05,36149.81465834159,111.26357766873039,False
sem_ligacao_inicial,conservador,central,0.07,30756.253883851194,111.26357766873039,False
sem_ligacao_inicial,conservador,central,0.1,22665.91272211564,111.26357766873039,False
sem_ligacao_inicial,conservador,alto,0.0,45063.229583579654,111.26357766873039,False
sem_ligacao_inicial,conservador,alto,0.05,31579.327647353657,111.26357766873039,False
sem_ligacao_inicial,conservador,alto,0.07,26185.766872863263,111.26357766873039,False
sem_ligacao_inicial,conservador,alto,0.1,18095.425711127707,111.26357766873039,False
sem_ligacao_inicial,central,baixo,0.0,95754.86634875063,214.49999999989237,True
sem_ligacao_inicial,central,baixo,0.05,69759.8639776209,214.49999999989237,True
sem_ligacao_inicial,central,baixo,0.07,59361.86302916901,214.49999999989237,True
sem_ligacao_inicial,central,baixo,0.1,43764.861606491235,214.49999999989237,True
sem_ligacao_inicial,central,central,0.0,95686.58884246438,214.49999999989237,True
sem_ligacao_inicial,central,central,0.05,69691.58647133464,214.49999999989237,True
sem_ligacao_inicial,central,central,0.07,59293.58552288273,214.49999999989237,True
sem_ligacao_inicial,central,central,0.1,43696.58410020497,214.49999999989237,True
sem_ligacao_inicial,central,alto,0.0,86875.35443496301,214.49999999989237,True
sem_ligacao_inicial,central,alto,0.05,60880.35206383325,214.49999999989237,True
sem_ligacao_inicial,central,alto,0.07,50482.35111538136,214.49999999989237,True
sem_ligacao_inicial,central,alto,0.1,34885.34969270359,214.49999999989237,True
sem_ligacao_inicial,otimista,baixo,0.0,167748.8683552463,375.77340592937657,False
sem_ligacao_inicial,otimista,baixo,0.05,122209.3318603906,375.77340592937657,False
sem_ligacao_inicial,otimista,baixo,0.07,103993.51726244835,375.77340592937657,False
sem_ligacao_inicial,otimista,baixo,0.1,76669.79536553504,375.77340592937657,False
sem_ligacao_inicial,otimista,central,0.0,167629.2559026329,375.77340592937657,False
sem_ligacao_inicial,otimista,central,0.05,122089.71940777723,375.77340592937657,False
sem_ligacao_inicial,otimista,central,0.07,103873.90480983496,375.77340592937657,False
sem_ligacao_inicial,otimista,central,0.1,76550.1829129217,375.77340592937657,False
sem_ligacao_inicial,otimista,alto,0.0,152193.22996440186,375.77340592937657,False
sem_ligacao_inicial,otimista,alto,0.05,106653.69346954615,375.77340592937657,False
sem_ligacao_inicial,otimista,alto,0.07,88437.8788716039,375.77340592937657,False
sem_ligacao_inicial,otimista,alto,0.1,61114.15697469062,375.77340592937657,False
variacao_diaria_minima,conservador,baixo,0.0,41811.966881463915,59.91334241763788,False
variacao_diaria_minima,conservador,baixo,0.05,31259.379520405182,59.91334241763788,False
variacao_diaria_minima,conservador,baixo,0.07,27038.34457598169,59.91334241763788,False
variacao_diaria_minima,conservador,baixo,0.1,20706.792159346474,59.91334241763788,False
variacao_diaria_minima,conservador,central,0.0,41784.72321424418,59.91334241763788,False
variacao_diaria_minima,conservador,central,0.05,31232.135853185442,59.91334241763788,False
variacao_diaria_minima,conservador,central,0.07,27011.100908761957,59.91334241763788,False
variacao_diaria_minima,conservador,central,0.1,20679.54849212674,59.91334241763788,False
variacao_diaria_minima,conservador,alto,0.0,38268.91909294823,59.91334241763788,False
variacao_diaria_minima,conservador,alto,0.05,27716.331731889506,59.91334241763788,False
variacao_diaria_minima,conservador,alto,0.07,23495.296787466017,59.91334241763788,False
variacao_diaria_minima,conservador,alto,0.1,17163.744370830802,59.91334241763788,False
variacao_diaria_minima,central,baixo,0.0,80607.392679501,115.5042127697881,True
variacao_diaria_minima,central,baixo,0.05,60263.53859559528,115.5042127697881,True
variacao_diaria_minima,central,baixo,0.07,52125.996962033,115.5042127697881,True
variacao_diaria_minima,central,baixo,0.1,39919.68451168961,115.5042127697881,True
variacao_diaria_minima,central,central,0.0,80554.87085033575,115.5042127697881,True
variacao_diaria_minima,central,central,0.05,60211.01676643004,115.5042127697881,True
variacao_diaria_minima,central,central,0.07,52073.47513286777,115.5042127697881,True
variacao_diaria_minima,central,central,0.1,39867.162682524366,115.5042127697881,True
variacao_diaria_minima,central,alto,0.0,73776.91170306716,115.5042127697881,True
variacao_diaria_minima,central,alto,0.05,53433.057619161445,115.5042127697881,True
variacao_diaria_minima,central,alto,0.07,45295.51598559917,115.5042127697881,True
variacao_diaria_minima,central,alto,0.1,33089.20353525578,115.5042127697881,True
variacao_diaria_minima,otimista,baixo,0.0,141212.65496633094,202.3469064415685,False
variacao_diaria_minima,otimista,baixo,0.05,105573.12424911254,202.3469064415685,False
variacao_diaria_minima,otimista,baixo,0.07,91317.31196222518,202.3469064415685,False
variacao_diaria_minima,otimista,baixo,0.1,69933.59353189425,202.3469064415685,False
variacao_diaria_minima,otimista,central,0.0,141120.6442128061,202.3469064415685,False
variacao_diaria_minima,otimista,central,0.05,105481.11349558774,202.3469064415685,False
variacao_diaria_minima,otimista,central,0.07,91225.30120870039,202.3469064415685,False
variacao_diaria_minima,otimista,central,0.1,69841.58277836943,202.3469064415685,False
variacao_diaria_minima,otimista,alto,0.0,129246.62652506454,202.3469064415685,False
variacao_diaria_minima,otimista,alto,0.05,93607.09580784614,202.3469064415685,False
variacao_diaria_minima,otimista,alto,0.07,79351.2835209588,202.3469064415685,False
variacao_diaria_minima,otimista,alto,0.1,57967.56509062784,202.3469064415685,False
transicao_inicial_minima,conservador,baixo,0.0,35286.35985760506,59.91205123237287,False
transicao_inicial_minima,conservador,baixo,0.05,27295.54816126874,59.91205123237287,False
transicao_inicial_minima,conservador,baixo,0.07,24099.223482734207,59.91205123237287,False
transicao_inicial_minima,conservador,baixo,0.1,19304.73646493243,59.91205123237287,False
transicao_inicial_minima,conservador,central,0.0,35266.31344510532,59.91205123237287,False
transicao_inicial_minima,conservador,central,0.05,27275.501748769,59.91205123237287,False
transicao_inicial_minima,conservador,central,0.07,24079.177070234466,59.91205123237287,False
transicao_inicial_minima,conservador,central,0.1,19284.690052432696,59.91205123237287,False
transicao_inicial_minima,conservador,alto,0.0,32679.317387808085,59.91205123237287,False
transicao_inicial_minima,conservador,alto,0.05,24688.505691471768,59.91205123237287,False
transicao_inicial_minima,conservador,alto,0.07,21492.181012937235,59.91205123237287,False
transicao_inicial_minima,conservador,alto,0.1,16697.69399513546,59.91205123237287,False
transicao_inicial_minima,central,baixo,0.0,68026.97116200735,115.50172355233575,True
transicao_inicial_minima,central,baixo,0.05,52621.84807701606,115.50172355233575,True
transicao_inicial_minima,central,baixo,0.07,46459.79884301953,115.50172355233575,True
transicao_inicial_minima,central,baixo,0.1,37216.72499202479,115.50172355233575,True
transicao_inicial_minima,central,central,0.0,67988.32459346006,115.50172355233575,True
transicao_inicial_minima,central,central,0.05,52583.20150846876,115.50172355233575,True
transicao_inicial_minima,central,central,0.07,46421.15227447224,115.50172355233575,True
transicao_inicial_minima,central,central,0.1,37178.07842347749,115.50172355233575,True
transicao_inicial_minima,central,alto,0.0,63000.97234471127,115.50172355233575,True
transicao_inicial_minima,central,alto,0.05,47595.84925971997,115.50172355233575,True
transicao_inicial_minima,central,alto,0.07,41433.800025723445,115.50172355233575,True
transicao_inicial_minima,central,alto,0.1,32190.726174728712,115.50172355233575,True
transicao_inicial_minima,otimista,baixo,0.0,119173.55080941637,202.34254568762827,False
transicao_inicial_minima,otimista,baixo,0.05,92185.97239258024,202.34254568762827,False
transicao_inicial_minima,otimista,baixo,0.07,81390.94102584576,202.34254568762827,False
transicao_inicial_minima,otimista,baixo,0.1,65198.39397574416,202.34254568762827,False
transicao_inicial_minima,otimista,central,0.0,119105.84753346993,202.34254568762827,False
transicao_inicial_minima,otimista,central,0.05,92118.2691166338,202.34254568762827,False
transicao_inicial_minima,otimista,central,0.07,81323.23774989934,202.34254568762827,False
transicao_inicial_minima,otimista,central,0.1,65130.690699797735,202.34254568762827,False
transicao_inicial_minima,otimista,alto,0.0,110368.71773821212,202.34254568762827,False
transicao_inicial_minima,otimista,alto,0.05,83381.13932137597,202.34254568762827,False
transicao_inicial_minima,otimista,alto,0.07,72586.10795464151,202.34254568762827,False
transicao_inicial_minima,otimista,alto,0.1,56393.5609045399,202.34254568762827,False
